council,ward_no,ward,population,male,female,sex_ratio,households,avg_household_size,table,pdf_page,printed_page,source_url
Arusha City Council,1,Kati,2547,1313,1234,106,622,4.1,Table 2.7,62,36,https://www.nbs.go.tz/nbs/takwimu/Census2022/Administrative_units_Population_Distribution_Report_Tanzania_Mainland_volume1b.pdf
Arusha City Council,2,Kaloleni,7425,3464,3961,87,2444,3.0,Table 2.7,62,36,https://www.nbs.go.tz/nbs/takwimu/Census2022/Administrative_units_Population_Distribution_Report_Tanzania_Mainland_volume1b.pdf
Arusha City Council,3,Sekei,7707,3721,3986,93,2489,3.1,Table 2.7,62,36,https://www.nbs.go.tz/nbs/takwimu/Census2022/Administrative_units_Population_Distribution_Report_Tanzania_Mainland_volume1b.pdf
Arusha City Council,4,Themi,9204,4467,4737,94,2844,3.2,Table 2.7,62,36,https://www.nbs.go.tz/nbs/takwimu/Census2022/Administrative_units_Population_Distribution_Report_Tanzania_Mainland_volume1b.pdf
Arusha City Council,5,Daraja II,16555,7968,8587,93,5419,3.1,Table 2.7,62,36,https://www.nbs.go.tz/nbs/takwimu/Census2022/Administrative_units_Population_Distribution_Report_Tanzania_Mainland_volume1b.pdf
Arusha City Council,6,Unga Ltd,14006,6984,7022,99,4723,3.0,Table 2.7,62,36,https://www.nbs.go.tz/nbs/takwimu/Census2022/Administrative_units_Population_Distribution_Report_Tanzania_Mainland_volume1b.pdf
Arusha City Council,7,Ngarenaro,8812,4307,4505,96,3003,2.9,Table 2.7,62,36,https://www.nbs.go.tz/nbs/takwimu/Census2022/Administrative_units_Population_Distribution_Report_Tanzania_Mainland_volume1b.pdf
Arusha City Council,8,Levolosi,6317,3182,3135,101,1782,3.5,Table 2.7,62,36,https://www.nbs.go.tz/nbs/takwimu/Census2022/Administrative_units_Population_Distribution_Report_Tanzania_Mainland_volume1b.pdf
Arusha City Council,9,Kimandolu,28760,13289,15471,86,9417,3.1,Table 2.7,62,36,https://www.nbs.go.tz/nbs/takwimu/Census2022/Administrative_units_Population_Distribution_Report_Tanzania_Mainland_volume1b.pdf
Arusha City Council,10,Baraa,18331,8408,9923,85,5272,3.5,Table 2.7,62,36,https://www.nbs.go.tz/nbs/takwimu/Census2022/Administrative_units_Population_Distribution_Report_Tanzania_Mainland_volume1b.pdf
Arusha City Council,11,Oloirien,22926,10775,12151,89,7408,3.1,Table 2.7,62,36,https://www.nbs.go.tz/nbs/takwimu/Census2022/Administrative_units_Population_Distribution_Report_Tanzania_Mainland_volume1b.pdf
Arusha City Council,12,Moshono,26890,12450,14440,86,7285,3.7,Table 2.7,62,36,https://www.nbs.go.tz/nbs/takwimu/Census2022/Administrative_units_Population_Distribution_Report_Tanzania_Mainland_volume1b.pdf
Arusha City Council,13,Moivaro,12215,5720,6495,88,3401,3.6,Table 2.7,62,36,https://www.nbs.go.tz/nbs/takwimu/Census2022/Administrative_units_Population_Distribution_Report_Tanzania_Mainland_volume1b.pdf
Arusha City Council,14,Lemara,26884,12870,14014,92,8130,3.3,Table 2.7,62,36,https://www.nbs.go.tz/nbs/takwimu/Census2022/Administrative_units_Population_Distribution_Report_Tanzania_Mainland_volume1b.pdf
Arusha City Council,15,Terrat,20524,9646,10878,89,5211,3.9,Table 2.7,62,36,https://www.nbs.go.tz/nbs/takwimu/Census2022/Administrative_units_Population_Distribution_Report_Tanzania_Mainland_volume1b.pdf
Arusha City Council,16,Sokon I,93037,44277,48760,91,26327,3.5,Table 2.7,62,36,https://www.nbs.go.tz/nbs/takwimu/Census2022/Administrative_units_Population_Distribution_Report_Tanzania_Mainland_volume1b.pdf
Arusha City Council,17,Sombetini,28111,13333,14778,90,9032,3.1,Table 2.7,62,36,https://www.nbs.go.tz/nbs/takwimu/Census2022/Administrative_units_Population_Distribution_Report_Tanzania_Mainland_volume1b.pdf
Arusha City Council,18,Engutoto,12759,6619,6140,108,3160,4.0,Table 2.7,62,36,https://www.nbs.go.tz/nbs/takwimu/Census2022/Administrative_units_Population_Distribution_Report_Tanzania_Mainland_volume1b.pdf
Arusha City Council,19,Elerai,19502,9372,10130,93,6170,3.2,Table 2.7,62,36,https://www.nbs.go.tz/nbs/takwimu/Census2022/Administrative_units_Population_Distribution_Report_Tanzania_Mainland_volume1b.pdf
Arusha City Council,20,Olasiti,53557,24950,28607,87,14522,3.7,Table 2.7,62,36,https://www.nbs.go.tz/nbs/takwimu/Census2022/Administrative_units_Population_Distribution_Report_Tanzania_Mainland_volume1b.pdf
Arusha City Council,21,Muriet,60209,28001,32208,87,15633,3.9,Table 2.7,62,36,https://www.nbs.go.tz/nbs/takwimu/Census2022/Administrative_units_Population_Distribution_Report_Tanzania_Mainland_volume1b.pdf
Arusha City Council,22,Olmoti,14132,6749,7383,91,4162,3.4,Table 2.7,62,36,https://www.nbs.go.tz/nbs/takwimu/Census2022/Administrative_units_Population_Distribution_Report_Tanzania_Mainland_volume1b.pdf
Arusha City Council,23,Sakina,19172,9171,10001,92,6138,3.1,Table 2.7,62,36,https://www.nbs.go.tz/nbs/takwimu/Census2022/Administrative_units_Population_Distribution_Report_Tanzania_Mainland_volume1b.pdf
Arusha City Council,24,Osunyai Jr,29507,13769,15738,87,8923,3.3,Table 2.7,62,36,https://www.nbs.go.tz/nbs/takwimu/Census2022/Administrative_units_Population_Distribution_Report_Tanzania_Mainland_volume1b.pdf
Arusha City Council,25,Sinoni,58542,27966,30576,91,17059,3.4,Table 2.7,62,36,https://www.nbs.go.tz/nbs/takwimu/Census2022/Administrative_units_Population_Distribution_Report_Tanzania_Mainland_volume1b.pdf
Arusha District Council,1,Oldonyosambu,13003,5986,7017,85,3022,4.3,Table 2.3,58,32,https://www.nbs.go.tz/nbs/takwimu/Census2022/Administrative_units_Population_Distribution_Report_Tanzania_Mainland_volume1b.pdf
Arusha District Council,2,Lengijave,15027,6547,8480,77,3402,4.4,Table 2.3,58,32,https://www.nbs.go.tz/nbs/takwimu/Census2022/Administrative_units_Population_Distribution_Report_Tanzania_Mainland_volume1b.pdf
Arusha District Council,3,Olturumet,13869,6510,7359,88,3457,4.0,Table 2.3,58,32,https://www.nbs.go.tz/nbs/takwimu/Census2022/Administrative_units_Population_Distribution_Report_Tanzania_Mainland_volume1b.pdf
Arusha District Council,4,Mwandet,22650,10107,12543,81,5152,4.4,Table 2.3,58,32,https://www.nbs.go.tz/nbs/takwimu/Census2022/Administrative_units_Population_Distribution_Report_Tanzania_Mainland_volume1b.pdf
Arusha District Council,5,Musa,13481,6239,7242,86,3139,4.3,Table 2.3,58,32,https://www.nbs.go.tz/nbs/takwimu/Census2022/Administrative_units_Population_Distribution_Report_Tanzania_Mainland_volume1b.pdf
Arusha District Council,6,Kisongo,12519,5896,6623,89,2939,4.3,Table 2.3,58,32,https://www.nbs.go.tz/nbs/takwimu/Census2022/Administrative_units_Population_Distribution_Report_Tanzania_Mainland_volume1b.pdf
Arusha District Council,7,Mateves,23287,11089,12198,91,7556,3.1,Table 2.3,58,32,https://www.nbs.go.tz/nbs/takwimu/Census2022/Administrative_units_Population_Distribution_Report_Tanzania_Mainland_volume1b.pdf
Arusha District Council,8,Oldonyowass,11905,5476,6429,85,2889,4.1,Table 2.3,58,32,https://www.nbs.go.tz/nbs/takwimu/Census2022/Administrative_units_Population_Distribution_Report_Tanzania_Mainland_volume1b.pdf
Arusha District Council,9,Lemanyata,14672,6465,8207,79,3399,4.3,Table 2.3,58,32,https://www.nbs.go.tz/nbs/takwimu/Census2022/Administrative_units_Population_Distribution_Report_Tanzania_Mainland_volume1b.pdf
Arusha District Council,10,Laroi,7096,3322,3774,88,1743,4.1,Table 2.3,58,32,https://www.nbs.go.tz/nbs/takwimu/Census2022/Administrative_units_Population_Distribution_Report_Tanzania_Mainland_volume1b.pdf
Arusha District Council,11,Ilkiding'a,15218,7265,7953,91,3679,4.1,Table 2.3,58,32,https://www.nbs.go.tz/nbs/takwimu/Census2022/Administrative_units_Population_Distribution_Report_Tanzania_Mainland_volume1b.pdf
Arusha District Council,12,Olturoto,18899,9146,9753,94,4971,3.8,Table 2.3,58,32,https://www.nbs.go.tz/nbs/takwimu/Census2022/Administrative_units_Population_Distribution_Report_Tanzania_Mainland_volume1b.pdf
Arusha District Council,13,Moivo,25110,12067,13043,93,8293,3.0,Table 2.3,58,32,https://www.nbs.go.tz/nbs/takwimu/Census2022/Administrative_units_Population_Distribution_Report_Tanzania_Mainland_volume1b.pdf
Arusha District Council,14,Kiranyi,40158,19048,21110,90,12315,3.3,Table 2.3,58,32,https://www.nbs.go.tz/nbs/takwimu/Census2022/Administrative_units_Population_Distribution_Report_Tanzania_Mainland_volume1b.pdf
Arusha District Council,15,Kimnyak,16332,7637,8695,88,3758,4.3,Table 2.3,58,32,https://www.nbs.go.tz/nbs/takwimu/Census2022/Administrative_units_Population_Distribution_Report_Tanzania_Mainland_volume1b.pdf
Arusha District Council,16,Oljoro,9100,4178,4922,85,2372,3.8,Table 2.3,58,32,https://www.nbs.go.tz/nbs/takwimu/Census2022/Administrative_units_Population_Distribution_Report_Tanzania_Mainland_volume1b.pdf
Arusha District Council,17,Sambasha,12739,5457,7282,75,3117,4.1,Table 2.3,58,32,https://www.nbs.go.tz/nbs/takwimu/Census2022/Administrative_units_Population_Distribution_Report_Tanzania_Mainland_volume1b.pdf
Arusha District Council,18,Oloirien,29477,13736,15741,87,8690,3.4,Table 2.3,58,32,https://www.nbs.go.tz/nbs/takwimu/Census2022/Administrative_units_Population_Distribution_Report_Tanzania_Mainland_volume1b.pdf
Arusha District Council,19,Olmotonyi,13345,6201,7144,87,3758,3.6,Table 2.3,58,32,https://www.nbs.go.tz/nbs/takwimu/Census2022/Administrative_units_Population_Distribution_Report_Tanzania_Mainland_volume1b.pdf
Arusha District Council,20,Tarakwa,11205,5334,5871,91,2689,4.2,Table 2.3,58,32,https://www.nbs.go.tz/nbs/takwimu/Census2022/Administrative_units_Population_Distribution_Report_Tanzania_Mainland_volume1b.pdf
Arusha District Council,21,Ilboru,9367,4639,4728,98,3229,2.9,Table 2.3,58,32,https://www.nbs.go.tz/nbs/takwimu/Census2022/Administrative_units_Population_Distribution_Report_Tanzania_Mainland_volume1b.pdf
Arusha District Council,22,Bangata,10166,5013,5153,97,2678,3.8,Table 2.3,58,32,https://www.nbs.go.tz/nbs/takwimu/Census2022/Administrative_units_Population_Distribution_Report_Tanzania_Mainland_volume1b.pdf
Arusha District Council,23,Sokon II,20213,9833,10380,95,5414,3.7,Table 2.3,58,32,https://www.nbs.go.tz/nbs/takwimu/Census2022/Administrative_units_Population_Distribution_Report_Tanzania_Mainland_volume1b.pdf
Arusha District Council,24,Bwawani,14025,7001,7024,100,3505,4.0,Table 2.3,58,32,https://www.nbs.go.tz/nbs/takwimu/Census2022/Administrative_units_Population_Distribution_Report_Tanzania_Mainland_volume1b.pdf
Arusha District Council,25,Nduruma,14490,7207,7283,99,3698,3.9,Table 2.3,58,32,https://www.nbs.go.tz/nbs/takwimu/Census2022/Administrative_units_Population_Distribution_Report_Tanzania_Mainland_volume1b.pdf
Arusha District Council,26,Mlangarini,19291,9401,9890,95,5152,3.7,Table 2.3,58,32,https://www.nbs.go.tz/nbs/takwimu/Census2022/Administrative_units_Population_Distribution_Report_Tanzania_Mainland_volume1b.pdf
Arusha District Council,27,Kiutu,22874,10850,12024,90,6981,3.3,Table 2.3,58,32,https://www.nbs.go.tz/nbs/takwimu/Census2022/Administrative_units_Population_Distribution_Report_Tanzania_Mainland_volume1b.pdf
Hai District Council,1,Machame Uroki,9761,4856,4905,99,2646,3.7,Table 3.6,70,44,https://www.nbs.go.tz/nbs/takwimu/Census2022/Administrative_units_Population_Distribution_Report_Tanzania_Mainland_volume1b.pdf
Hai District Council,2,Machame Magharibi,4827,2329,2498,93,1454,3.3,Table 3.6,70,44,https://www.nbs.go.tz/nbs/takwimu/Census2022/Administrative_units_Population_Distribution_Report_Tanzania_Mainland_volume1b.pdf
Hai District Council,3,Machame Kaskazini,24151,11969,12182,98,6344,3.8,Table 3.6,70,44,https://www.nbs.go.tz/nbs/takwimu/Census2022/Administrative_units_Population_Distribution_Report_Tanzania_Mainland_volume1b.pdf
Hai District Council,4,Machame Mashariki,11985,5852,6133,95,3452,3.5,Table 3.6,70,44,https://www.nbs.go.tz/nbs/takwimu/Census2022/Administrative_units_Population_Distribution_Report_Tanzania_Mainland_volume1b.pdf
Hai District Council,5,Machame Narumu,11031,5331,5700,94,2846,3.9,Table 3.6,70,44,https://www.nbs.go.tz/nbs/takwimu/Census2022/Administrative_units_Population_Distribution_Report_Tanzania_Mainland_volume1b.pdf
Hai District Council,6,Mnadani,20327,10051,10276,98,5516,3.7,Table 3.6,70,44,https://www.nbs.go.tz/nbs/takwimu/Census2022/Administrative_units_Population_Distribution_Report_Tanzania_Mainland_volume1b.pdf
Hai District Council,7,Weruweru,9426,4817,4609,105,2531,3.7,Table 3.6,70,44,https://www.nbs.go.tz/nbs/takwimu/Census2022/Administrative_units_Population_Distribution_Report_Tanzania_Mainland_volume1b.pdf
Hai District Council,8,Masama Magharibi,9646,4679,4967,94,2643,3.6,Table 3.6,70,44,https://www.nbs.go.tz/nbs/takwimu/Census2022/Administrative_units_Population_Distribution_Report_Tanzania_Mainland_volume1b.pdf
Hai District Council,9,Masama Kati,10298,5033,5265,96,2857,3.6,Table 3.6,70,44,https://www.nbs.go.tz/nbs/takwimu/Census2022/Administrative_units_Population_Distribution_Report_Tanzania_Mainland_volume1b.pdf
Hai District Council,10,Masama Mashariki,12904,6321,6583,96,3606,3.6,Table 3.6,70,44,https://www.nbs.go.tz/nbs/takwimu/Census2022/Administrative_units_Population_Distribution_Report_Tanzania_Mainland_volume1b.pdf
Hai District Council,11,Masama Rundugai,16475,8339,8136,102,4125,4.0,Table 3.6,70,44,https://www.nbs.go.tz/nbs/takwimu/Census2022/Administrative_units_Population_Distribution_Report_Tanzania_Mainland_volume1b.pdf
Hai District Council,12,KIA,12732,6096,6636,92,2968,4.3,Table 3.6,70,44,https://www.nbs.go.tz/nbs/takwimu/Census2022/Administrative_units_Population_Distribution_Report_Tanzania_Mainland_volume1b.pdf
Hai District Council,13,Muungano,19655,9127,10528,87,5080,3.9,Table 3.6,70,44,https://www.nbs.go.tz/nbs/takwimu/Census2022/Administrative_units_Population_Distribution_Report_Tanzania_Mainland_volume1b.pdf
Hai District Council,14,Bondeni,16182,7683,8499,90,4338,3.7,Table 3.6,70,44,https://www.nbs.go.tz/nbs/takwimu/Census2022/Administrative_units_Population_Distribution_Report_Tanzania_Mainland_volume1b.pdf
Hai District Council,15,Bomang'ombe,17883,8305,9578,87,5511,3.2,Table 3.6,70,44,https://www.nbs.go.tz/nbs/takwimu/Census2022/Administrative_units_Population_Distribution_Report_Tanzania_Mainland_volume1b.pdf
Hai District Council,16,Masama Kusini,18524,9063,9461,96,4899,3.8,Table 3.6,70,44,https://www.nbs.go.tz/nbs/takwimu/Census2022/Administrative_units_Population_Distribution_Report_Tanzania_Mainland_volume1b.pdf
Hai District Council,17,Romu,15192,7372,7820,94,3938,3.9,Table 3.6,70,44,https://www.nbs.go.tz/nbs/takwimu/Census2022/Administrative_units_Population_Distribution_Report_Tanzania_Mainland_volume1b.pdf
Longido District Council,1,Matale A,8340,4189,4151,101,1796,4.6,Table 2.4,59,33,https://www.nbs.go.tz/nbs/takwimu/Census2022/Administrative_units_Population_Distribution_Report_Tanzania_Mainland_volume1b.pdf
Longido District Council,2,Engarenaibor,15227,7298,7929,92,3322,4.6,Table 2.4,59,33,https://www.nbs.go.tz/nbs/takwimu/Census2022/Administrative_units_Population_Distribution_Report_Tanzania_Mainland_volume1b.pdf
Longido District Council,3,Mundarara,11442,5757,5685,101,2852,4.0,Table 2.4,59,33,https://www.nbs.go.tz/nbs/takwimu/Census2022/Administrative_units_Population_Distribution_Report_Tanzania_Mainland_volume1b.pdf
Longido District Council,4,Ketumbeine,10203,5024,5179,97,2230,4.6,Table 2.4,59,33,https://www.nbs.go.tz/nbs/takwimu/Census2022/Administrative_units_Population_Distribution_Report_Tanzania_Mainland_volume1b.pdf
Longido District Council,5,Elang'atadapash,6528,2987,3541,84,1468,4.4,Table 2.4,59,33,https://www.nbs.go.tz/nbs/takwimu/Census2022/Administrative_units_Population_Distribution_Report_Tanzania_Mainland_volume1b.pdf
Longido District Council,6,Ilorienito,6932,3031,3901,78,1615,4.3,Table 2.4,59,33,https://www.nbs.go.tz/nbs/takwimu/Census2022/Administrative_units_Population_Distribution_Report_Tanzania_Mainland_volume1b.pdf
Longido District Council,7,Gelai Meirugoi,12474,5720,6754,85,3051,4.1,Table 2.4,59,33,https://www.nbs.go.tz/nbs/takwimu/Census2022/Administrative_units_Population_Distribution_Report_Tanzania_Mainland_volume1b.pdf
Longido District Council,8,Gelai Lumbwa,9932,4621,5311,87,2190,4.5,Table 2.4,59,33,https://www.nbs.go.tz/nbs/takwimu/Census2022/Administrative_units_Population_Distribution_Report_Tanzania_Mainland_volume1b.pdf
Longido District Council,9,Noondoto,5808,2738,3070,89,1342,4.3,Table 2.4,59,33,https://www.nbs.go.tz/nbs/takwimu/Census2022/Administrative_units_Population_Distribution_Report_Tanzania_Mainland_volume1b.pdf
Longido District Council,10,Engikaret,8298,3722,4576,81,1958,4.2,Table 2.4,59,33,https://www.nbs.go.tz/nbs/takwimu/Census2022/Administrative_units_Population_Distribution_Report_Tanzania_Mainland_volume1b.pdf
Longido District Council,11,Kimokouwa,14435,6933,7502,92,3548,4.1,Table 2.4,59,33,https://www.nbs.go.tz/nbs/takwimu/Census2022/Administrative_units_Population_Distribution_Report_Tanzania_Mainland_volume1b.pdf
Longido District Council,12,Namanga,12340,5922,6418,92,4299,2.9,Table 2.4,59,33,https://www.nbs.go.tz/nbs/takwimu/Census2022/Administrative_units_Population_Distribution_Report_Tanzania_Mainland_volume1b.pdf
Longido District Council,13,Orbomba,11060,5202,5858,89,2523,4.4,Table 2.4,59,33,https://www.nbs.go.tz/nbs/takwimu/Census2022/Administrative_units_Population_Distribution_Report_Tanzania_Mainland_volume1b.pdf
Longido District Council,14,Longido,3948,1836,2112,87,1181,3.3,Table 2.4,59,33,https://www.nbs.go.tz/nbs/takwimu/Census2022/Administrative_units_Population_Distribution_Report_Tanzania_Mainland_volume1b.pdf
Longido District Council,15,Tingatinga,8262,3629,4633,78,1946,4.2,Table 2.4,59,33,https://www.nbs.go.tz/nbs/takwimu/Census2022/Administrative_units_Population_Distribution_Report_Tanzania_Mainland_volume1b.pdf
Longido District Council,16,Olmolog,12536,5913,6623,89,2906,4.3,Table 2.4,59,33,https://www.nbs.go.tz/nbs/takwimu/Census2022/Administrative_units_Population_Distribution_Report_Tanzania_Mainland_volume1b.pdf
Longido District Council,17,Kamwanga,13053,6190,6863,90,3060,4.3,Table 2.4,59,33,https://www.nbs.go.tz/nbs/takwimu/Census2022/Administrative_units_Population_Distribution_Report_Tanzania_Mainland_volume1b.pdf
Longido District Council,18,Sinya,5097,2175,2922,74,1190,4.3,Table 2.4,59,33,https://www.nbs.go.tz/nbs/takwimu/Census2022/Administrative_units_Population_Distribution_Report_Tanzania_Mainland_volume1b.pdf
Meru District Council,1,Ngarenanyuki,10078,4924,5154,96,2662,3.8,Table 2.2,57,31,https://www.nbs.go.tz/nbs/takwimu/Census2022/Administrative_units_Population_Distribution_Report_Tanzania_Mainland_volume1b.pdf
Meru District Council,2,Leguruki,9528,4588,4940,93,2319,4.1,Table 2.2,57,31,https://www.nbs.go.tz/nbs/takwimu/Census2022/Administrative_units_Population_Distribution_Report_Tanzania_Mainland_volume1b.pdf
Meru District Council,3,King'ori,13034,6246,6788,92,3343,3.9,Table 2.2,57,31,https://www.nbs.go.tz/nbs/takwimu/Census2022/Administrative_units_Population_Distribution_Report_Tanzania_Mainland_volume1b.pdf
Meru District Council,4,Maji ya Chai,19779,9389,10390,90,5222,3.8,Table 2.2,57,31,https://www.nbs.go.tz/nbs/takwimu/Census2022/Administrative_units_Population_Distribution_Report_Tanzania_Mainland_volume1b.pdf
Meru District Council,5,Kikatiti,21611,10458,11153,94,5840,3.7,Table 2.2,57,31,https://www.nbs.go.tz/nbs/takwimu/Census2022/Administrative_units_Population_Distribution_Report_Tanzania_Mainland_volume1b.pdf
Meru District Council,6,Ngabobo,4184,2019,2165,93,983,4.3,Table 2.2,57,31,https://www.nbs.go.tz/nbs/takwimu/Census2022/Administrative_units_Population_Distribution_Report_Tanzania_Mainland_volume1b.pdf
Meru District Council,7,Uwiro,11762,5792,5970,97,2947,4.0,Table 2.2,57,31,https://www.nbs.go.tz/nbs/takwimu/Census2022/Administrative_units_Population_Distribution_Report_Tanzania_Mainland_volume1b.pdf
Meru District Council,8,Maruvango,9796,4795,5001,96,2385,4.1,Table 2.2,57,31,https://www.nbs.go.tz/nbs/takwimu/Census2022/Administrative_units_Population_Distribution_Report_Tanzania_Mainland_volume1b.pdf
Meru District Council,9,Malula,12526,5979,6547,91,3422,3.7,Table 2.2,57,31,https://www.nbs.go.tz/nbs/takwimu/Census2022/Administrative_units_Population_Distribution_Report_Tanzania_Mainland_volume1b.pdf
Meru District Council,10,Imbaseni,29770,13938,15832,88,8777,3.4,Table 2.2,57,31,https://www.nbs.go.tz/nbs/takwimu/Census2022/Administrative_units_Population_Distribution_Report_Tanzania_Mainland_volume1b.pdf
Meru District Council,11,Usariver,29938,14374,15564,92,9203,3.3,Table 2.2,57,31,https://www.nbs.go.tz/nbs/takwimu/Census2022/Administrative_units_Population_Distribution_Report_Tanzania_Mainland_volume1b.pdf
Meru District Council,12,Nkoaranga,10229,5013,5216,96,2818,3.6,Table 2.2,57,31,https://www.nbs.go.tz/nbs/takwimu/Census2022/Administrative_units_Population_Distribution_Report_Tanzania_Mainland_volume1b.pdf
Meru District Council,13,Poli,11399,5530,5869,94,3378,3.4,Table 2.2,57,31,https://www.nbs.go.tz/nbs/takwimu/Census2022/Administrative_units_Population_Distribution_Report_Tanzania_Mainland_volume1b.pdf
Meru District Council,14,Seela Sing'isi,11756,5746,6010,96,3485,3.4,Table 2.2,57,31,https://www.nbs.go.tz/nbs/takwimu/Census2022/Administrative_units_Population_Distribution_Report_Tanzania_Mainland_volume1b.pdf
Meru District Council,15,Akheri,17236,8241,8995,92,5291,3.3,Table 2.2,57,31,https://www.nbs.go.tz/nbs/takwimu/Census2022/Administrative_units_Population_Distribution_Report_Tanzania_Mainland_volume1b.pdf
Meru District Council,16,Nkoanrua,8679,4297,4382,98,2446,3.5,Table 2.2,57,31,https://www.nbs.go.tz/nbs/takwimu/Census2022/Administrative_units_Population_Distribution_Report_Tanzania_Mainland_volume1b.pdf
Meru District Council,17,Songoro,10813,5462,5351,102,2849,3.8,Table 2.2,57,31,https://www.nbs.go.tz/nbs/takwimu/Census2022/Administrative_units_Population_Distribution_Report_Tanzania_Mainland_volume1b.pdf
Meru District Council,18,Nkoarisambu,6892,3328,3564,93,1944,3.5,Table 2.2,57,31,https://www.nbs.go.tz/nbs/takwimu/Census2022/Administrative_units_Population_Distribution_Report_Tanzania_Mainland_volume1b.pdf
Meru District Council,19,Nkoanekoli,4623,2294,2329,98,1295,3.6,Table 2.2,57,31,https://www.nbs.go.tz/nbs/takwimu/Census2022/Administrative_units_Population_Distribution_Report_Tanzania_Mainland_volume1b.pdf
Meru District Council,20,Ambureni,16971,7859,9112,86,4944,3.4,Table 2.2,57,31,https://www.nbs.go.tz/nbs/takwimu/Census2022/Administrative_units_Population_Distribution_Report_Tanzania_Mainland_volume1b.pdf
Meru District Council,21,Maroroni,16113,8114,7999,101,4162,3.9,Table 2.2,57,31,https://www.nbs.go.tz/nbs/takwimu/Census2022/Administrative_units_Population_Distribution_Report_Tanzania_Mainland_volume1b.pdf
Meru District Council,22,Makiba,10294,5012,5282,95,2684,3.8,Table 2.2,57,31,https://www.nbs.go.tz/nbs/takwimu/Census2022/Administrative_units_Population_Distribution_Report_Tanzania_Mainland_volume1b.pdf
Meru District Council,23,Mbuguni,10026,5041,4985,101,2665,3.8,Table 2.2,57,31,https://www.nbs.go.tz/nbs/takwimu/Census2022/Administrative_units_Population_Distribution_Report_Tanzania_Mainland_volume1b.pdf
Meru District Council,24,Kikwe,10965,5689,5276,108,3030,3.6,Table 2.2,57,31,https://www.nbs.go.tz/nbs/takwimu/Census2022/Administrative_units_Population_Distribution_Report_Tanzania_Mainland_volume1b.pdf
Meru District Council,25,Majengo,6570,3195,3375,95,1536,4.3,Table 2.2,57,31,https://www.nbs.go.tz/nbs/takwimu/Census2022/Administrative_units_Population_Distribution_Report_Tanzania_Mainland_volume1b.pdf
Meru District Council,26,Shambarai Burka,7031,3474,3557,98,1881,3.7,Table 2.2,57,31,https://www.nbs.go.tz/nbs/takwimu/Census2022/Administrative_units_Population_Distribution_Report_Tanzania_Mainland_volume1b.pdf
Monduli District Council,1,Monduli Juu,15051,6863,8188,84,3234,4.7,Table 2.1,56,30,https://www.nbs.go.tz/nbs/takwimu/Census2022/Administrative_units_Population_Distribution_Report_Tanzania_Mainland_volume1b.pdf
Monduli District Council,2,Engutoto,9643,4468,5175,86,2336,4.1,Table 2.1,56,30,https://www.nbs.go.tz/nbs/takwimu/Census2022/Administrative_units_Population_Distribution_Report_Tanzania_Mainland_volume1b.pdf
Monduli District Council,3,Monduli Mjini,7608,3678,3930,94,2410,3.2,Table 2.1,56,30,https://www.nbs.go.tz/nbs/takwimu/Census2022/Administrative_units_Population_Distribution_Report_Tanzania_Mainland_volume1b.pdf
Monduli District Council,4,Moita,14666,6661,8005,83,3146,4.7,Table 2.1,56,30,https://www.nbs.go.tz/nbs/takwimu/Census2022/Administrative_units_Population_Distribution_Report_Tanzania_Mainland_volume1b.pdf
Monduli District Council,5,Sepeko,13633,6205,7428,84,2911,4.7,Table 2.1,56,30,https://www.nbs.go.tz/nbs/takwimu/Census2022/Administrative_units_Population_Distribution_Report_Tanzania_Mainland_volume1b.pdf
Monduli District Council,6,Lolkisale,9466,4665,4801,97,2190,4.3,Table 2.1,56,30,https://www.nbs.go.tz/nbs/takwimu/Census2022/Administrative_units_Population_Distribution_Report_Tanzania_Mainland_volume1b.pdf
Monduli District Council,7,Lepurko,12988,5694,7294,78,3009,4.3,Table 2.1,56,30,https://www.nbs.go.tz/nbs/takwimu/Census2022/Administrative_units_Population_Distribution_Report_Tanzania_Mainland_volume1b.pdf
Monduli District Council,8,Meserani,10771,4670,6101,77,2685,4.0,Table 2.1,56,30,https://www.nbs.go.tz/nbs/takwimu/Census2022/Administrative_units_Population_Distribution_Report_Tanzania_Mainland_volume1b.pdf
Monduli District Council,9,Mfereji,8221,3629,4592,79,1997,4.1,Table 2.1,56,30,https://www.nbs.go.tz/nbs/takwimu/Census2022/Administrative_units_Population_Distribution_Report_Tanzania_Mainland_volume1b.pdf
Monduli District Council,10,Lashaine,5132,2298,2834,81,1104,4.6,Table 2.1,56,30,https://www.nbs.go.tz/nbs/takwimu/Census2022/Administrative_units_Population_Distribution_Report_Tanzania_Mainland_volume1b.pdf
Monduli District Council,11,Naalarami,4550,2057,2493,83,1020,4.5,Table 2.1,56,30,https://www.nbs.go.tz/nbs/takwimu/Census2022/Administrative_units_Population_Distribution_Report_Tanzania_Mainland_volume1b.pdf
Monduli District Council,12,Lemooti,7474,3776,3698,102,1582,4.7,Table 2.1,56,30,https://www.nbs.go.tz/nbs/takwimu/Census2022/Administrative_units_Population_Distribution_Report_Tanzania_Mainland_volume1b.pdf
Monduli District Council,13,Makuyuni,14803,6955,7848,89,3555,4.2,Table 2.1,56,30,https://www.nbs.go.tz/nbs/takwimu/Census2022/Administrative_units_Population_Distribution_Report_Tanzania_Mainland_volume1b.pdf
Monduli District Council,14,Esilalei,29020,13021,15999,81,7392,3.9,Table 2.1,56,30,https://www.nbs.go.tz/nbs/takwimu/Census2022/Administrative_units_Population_Distribution_Report_Tanzania_Mainland_volume1b.pdf
Monduli District Council,15,Mswakini,7803,3626,4177,87,1636,4.8,Table 2.1,56,30,https://www.nbs.go.tz/nbs/takwimu/Census2022/Administrative_units_Population_Distribution_Report_Tanzania_Mainland_volume1b.pdf
Monduli District Council,16,Engaruka,17187,7608,9579,79,4016,4.3,Table 2.1,56,30,https://www.nbs.go.tz/nbs/takwimu/Census2022/Administrative_units_Population_Distribution_Report_Tanzania_Mainland_volume1b.pdf
Monduli District Council,17,Selela,14275,6474,7801,83,3307,4.3,Table 2.1,56,30,https://www.nbs.go.tz/nbs/takwimu/Census2022/Administrative_units_Population_Distribution_Report_Tanzania_Mainland_volume1b.pdf
Monduli District Council,18,Mto wa Mbu,7995,3885,4110,95,2480,3.2,Table 2.1,56,30,https://www.nbs.go.tz/nbs/takwimu/Census2022/Administrative_units_Population_Distribution_Report_Tanzania_Mainland_volume1b.pdf
Monduli District Council,19,Majengo,9568,4756,4812,99,2766,3.5,Table 2.1,56,30,https://www.nbs.go.tz/nbs/takwimu/Census2022/Administrative_units_Population_Distribution_Report_Tanzania_Mainland_volume1b.pdf
Monduli District Council,20,Migungani,7731,3753,3978,94,2277,3.4,Table 2.1,56,30,https://www.nbs.go.tz/nbs/takwimu/Census2022/Administrative_units_Population_Distribution_Report_Tanzania_Mainland_volume1b.pdf
Moshi District Council,1,Kindi,34045,16413,17632,93,8721,3.9,Table 3.5,69,43,https://www.nbs.go.tz/nbs/takwimu/Census2022/Administrative_units_Population_Distribution_Report_Tanzania_Mainland_volume1b.pdf
Moshi District Council,2,Kibosho Magharibi,19129,9161,9968,92,5049,3.8,Table 3.5,69,43,https://www.nbs.go.tz/nbs/takwimu/Census2022/Administrative_units_Population_Distribution_Report_Tanzania_Mainland_volume1b.pdf
Moshi District Council,3,Kibosho Okaoni,9772,4601,5171,89,2746,3.6,Table 3.5,69,43,https://www.nbs.go.tz/nbs/takwimu/Census2022/Administrative_units_Population_Distribution_Report_Tanzania_Mainland_volume1b.pdf
Moshi District Council,4,Kibosho Kati,9539,4466,5073,88,2582,3.7,Table 3.5,69,43,https://www.nbs.go.tz/nbs/takwimu/Census2022/Administrative_units_Population_Distribution_Report_Tanzania_Mainland_volume1b.pdf
Moshi District Council,5,Kibosho Kirima,11192,5298,5894,90,2834,3.9,Table 3.5,69,43,https://www.nbs.go.tz/nbs/takwimu/Census2022/Administrative_units_Population_Distribution_Report_Tanzania_Mainland_volume1b.pdf
Moshi District Council,6,Kibosho Mashariki,13996,7634,6362,120,3264,4.3,Table 3.5,69,43,https://www.nbs.go.tz/nbs/takwimu/Census2022/Administrative_units_Population_Distribution_Report_Tanzania_Mainland_volume1b.pdf
Moshi District Council,7,Uru Kusini,31557,15467,16090,96,9511,3.3,Table 3.5,69,43,https://www.nbs.go.tz/nbs/takwimu/Census2022/Administrative_units_Population_Distribution_Report_Tanzania_Mainland_volume1b.pdf
Moshi District Council,8,Uru Kaskazini,10817,5269,5548,95,2768,3.9,Table 3.5,69,43,https://www.nbs.go.tz/nbs/takwimu/Census2022/Administrative_units_Population_Distribution_Report_Tanzania_Mainland_volume1b.pdf
Moshi District Council,9,Uru Shimbwe,5218,2513,2705,93,1415,3.7,Table 3.5,69,43,https://www.nbs.go.tz/nbs/takwimu/Census2022/Administrative_units_Population_Distribution_Report_Tanzania_Mainland_volume1b.pdf
Moshi District Council,10,Uru Mashariki,14179,6806,7373,92,3857,3.7,Table 3.5,69,43,https://www.nbs.go.tz/nbs/takwimu/Census2022/Administrative_units_Population_Distribution_Report_Tanzania_Mainland_volume1b.pdf
Moshi District Council,11,Mbokomu,15899,7656,8243,93,4520,3.5,Table 3.5,69,43,https://www.nbs.go.tz/nbs/takwimu/Census2022/Administrative_units_Population_Distribution_Report_Tanzania_Mainland_volume1b.pdf
Moshi District Council,12,Old Moshi Magharibi,8431,4107,4324,95,2309,3.7,Table 3.5,69,43,https://www.nbs.go.tz/nbs/takwimu/Census2022/Administrative_units_Population_Distribution_Report_Tanzania_Mainland_volume1b.pdf
Moshi District Council,13,Old Moshi Mashariki,10502,5110,5392,95,2865,3.7,Table 3.5,69,43,https://www.nbs.go.tz/nbs/takwimu/Census2022/Administrative_units_Population_Distribution_Report_Tanzania_Mainland_volume1b.pdf
Moshi District Council,14,Kimochi,16046,7592,8454,90,4392,3.7,Table 3.5,69,43,https://www.nbs.go.tz/nbs/takwimu/Census2022/Administrative_units_Population_Distribution_Report_Tanzania_Mainland_volume1b.pdf
Moshi District Council,15,Arusha Chini,13977,7115,6862,104,3735,3.7,Table 3.5,69,43,https://www.nbs.go.tz/nbs/takwimu/Census2022/Administrative_units_Population_Distribution_Report_Tanzania_Mainland_volume1b.pdf
Moshi District Council,16,Mabogini,57231,28038,29193,96,15288,3.7,Table 3.5,69,43,https://www.nbs.go.tz/nbs/takwimu/Census2022/Administrative_units_Population_Distribution_Report_Tanzania_Mainland_volume1b.pdf
Moshi District Council,17,Kirua Vunjo Magharibi,11785,5729,6056,95,3130,3.8,Table 3.5,69,43,https://www.nbs.go.tz/nbs/takwimu/Census2022/Administrative_units_Population_Distribution_Report_Tanzania_Mainland_volume1b.pdf
Moshi District Council,18,Kilema Kaskazini,7785,3771,4014,94,2035,3.8,Table 3.5,69,43,https://www.nbs.go.tz/nbs/takwimu/Census2022/Administrative_units_Population_Distribution_Report_Tanzania_Mainland_volume1b.pdf
Moshi District Council,19,Kilema Kati,5019,2456,2563,96,1349,3.7,Table 3.5,69,43,https://www.nbs.go.tz/nbs/takwimu/Census2022/Administrative_units_Population_Distribution_Report_Tanzania_Mainland_volume1b.pdf
Moshi District Council,20,Kahe Mashariki,16286,8367,7919,106,4553,3.6,Table 3.5,69,43,https://www.nbs.go.tz/nbs/takwimu/Census2022/Administrative_units_Population_Distribution_Report_Tanzania_Mainland_volume1b.pdf
Moshi District Council,21,Kahe Magharibi,24466,12436,12030,103,6568,3.7,Table 3.5,69,43,https://www.nbs.go.tz/nbs/takwimu/Census2022/Administrative_units_Population_Distribution_Report_Tanzania_Mainland_volume1b.pdf
Moshi District Council,22,Kirua Vunjo Kusini,27495,13135,14360,91,7130,3.9,Table 3.5,69,43,https://www.nbs.go.tz/nbs/takwimu/Census2022/Administrative_units_Population_Distribution_Report_Tanzania_Mainland_volume1b.pdf
Moshi District Council,23,Kirua Vunjo Mashariki,7722,3821,3901,98,2134,3.6,Table 3.5,69,43,https://www.nbs.go.tz/nbs/takwimu/Census2022/Administrative_units_Population_Distribution_Report_Tanzania_Mainland_volume1b.pdf
Moshi District Council,24,Kilema Kusini,7815,3834,3981,96,2132,3.7,Table 3.5,69,43,https://www.nbs.go.tz/nbs/takwimu/Census2022/Administrative_units_Population_Distribution_Report_Tanzania_Mainland_volume1b.pdf
Moshi District Council,25,Njia Panda,24778,11800,12978,91,6840,3.6,Table 3.5,69,43,https://www.nbs.go.tz/nbs/takwimu/Census2022/Administrative_units_Population_Distribution_Report_Tanzania_Mainland_volume1b.pdf
Moshi District Council,26,Marangu Magharibi,16775,8047,8728,92,4456,3.8,Table 3.5,69,43,https://www.nbs.go.tz/nbs/takwimu/Census2022/Administrative_units_Population_Distribution_Report_Tanzania_Mainland_volume1b.pdf
Moshi District Council,27,Marangu Mashariki,22981,11415,11566,99,6235,3.7,Table 3.5,69,43,https://www.nbs.go.tz/nbs/takwimu/Census2022/Administrative_units_Population_Distribution_Report_Tanzania_Mainland_volume1b.pdf
Moshi District Council,28,Mamba Kusini,9271,4586,4685,98,2705,3.4,Table 3.5,69,43,https://www.nbs.go.tz/nbs/takwimu/Census2022/Administrative_units_Population_Distribution_Report_Tanzania_Mainland_volume1b.pdf
Moshi District Council,29,Mamba Kaskazini,8231,3976,4255,93,2325,3.5,Table 3.5,69,43,https://www.nbs.go.tz/nbs/takwimu/Census2022/Administrative_units_Population_Distribution_Report_Tanzania_Mainland_volume1b.pdf
Moshi District Council,30,Mwika Kaskazini,19934,9916,10018,99,5550,3.6,Table 3.5,69,43,https://www.nbs.go.tz/nbs/takwimu/Census2022/Administrative_units_Population_Distribution_Report_Tanzania_Mainland_volume1b.pdf
Moshi District Council,31,Mwika Kusini,19509,9529,9980,95,5525,3.5,Table 3.5,69,43,https://www.nbs.go.tz/nbs/takwimu/Census2022/Administrative_units_Population_Distribution_Report_Tanzania_Mainland_volume1b.pdf
Moshi District Council,32,Makuyuni,24421,11886,12535,95,7146,3.4,Table 3.5,69,43,https://www.nbs.go.tz/nbs/takwimu/Census2022/Administrative_units_Population_Distribution_Report_Tanzania_Mainland_volume1b.pdf
Moshi Municipal Council,1,Kilimanjaro,8752,5202,3550,147,1394,6.3,Table 3.4,68,42,https://www.nbs.go.tz/nbs/takwimu/Census2022/Administrative_units_Population_Distribution_Report_Tanzania_Mainland_volume1b.pdf
Moshi Municipal Council,2,Mfumuni,4029,1944,2085,93,1134,3.6,Table 3.4,68,42,https://www.nbs.go.tz/nbs/takwimu/Census2022/Administrative_units_Population_Distribution_Report_Tanzania_Mainland_volume1b.pdf
Moshi Municipal Council,3,Kiusa,2998,1514,1484,102,1021,2.9,Table 3.4,68,42,https://www.nbs.go.tz/nbs/takwimu/Census2022/Administrative_units_Population_Distribution_Report_Tanzania_Mainland_volume1b.pdf
Moshi Municipal Council,4,Korongoni,5671,2803,2868,98,1891,3.0,Table 3.4,68,42,https://www.nbs.go.tz/nbs/takwimu/Census2022/Administrative_units_Population_Distribution_Report_Tanzania_Mainland_volume1b.pdf
Moshi Municipal Council,5,Soweto,15219,6866,8353,82,4537,3.4,Table 3.4,68,42,https://www.nbs.go.tz/nbs/takwimu/Census2022/Administrative_units_Population_Distribution_Report_Tanzania_Mainland_volume1b.pdf
Moshi Municipal Council,6,Shirimatunda,8165,3953,4212,94,2233,3.7,Table 3.4,68,42,https://www.nbs.go.tz/nbs/takwimu/Census2022/Administrative_units_Population_Distribution_Report_Tanzania_Mainland_volume1b.pdf
Moshi Municipal Council,7,Karanga,11709,6628,5081,130,2770,4.2,Table 3.4,68,42,https://www.nbs.go.tz/nbs/takwimu/Census2022/Administrative_units_Population_Distribution_Report_Tanzania_Mainland_volume1b.pdf
Moshi Municipal Council,8,Longuo B,8944,4231,4713,90,2618,3.4,Table 3.4,68,42,https://www.nbs.go.tz/nbs/takwimu/Census2022/Administrative_units_Population_Distribution_Report_Tanzania_Mainland_volume1b.pdf
Moshi Municipal Council,9,Rau,11745,5657,6088,93,3989,2.9,Table 3.4,68,42,https://www.nbs.go.tz/nbs/takwimu/Census2022/Administrative_units_Population_Distribution_Report_Tanzania_Mainland_volume1b.pdf
Moshi Municipal Council,10,Bomambuzi,20326,9710,10616,91,5994,3.4,Table 3.4,68,42,https://www.nbs.go.tz/nbs/takwimu/Census2022/Administrative_units_Population_Distribution_Report_Tanzania_Mainland_volume1b.pdf
Moshi Municipal Council,11,Majengo,7385,3529,3856,92,2664,2.8,Table 3.4,68,42,https://www.nbs.go.tz/nbs/takwimu/Census2022/Administrative_units_Population_Distribution_Report_Tanzania_Mainland_volume1b.pdf
Moshi Municipal Council,12,Mawenzi,1540,803,737,109,395,3.9,Table 3.4,68,42,https://www.nbs.go.tz/nbs/takwimu/Census2022/Administrative_units_Population_Distribution_Report_Tanzania_Mainland_volume1b.pdf
Moshi Municipal Council,13,Bondeni,2712,1514,1198,126,811,3.3,Table 3.4,68,42,https://www.nbs.go.tz/nbs/takwimu/Census2022/Administrative_units_Population_Distribution_Report_Tanzania_Mainland_volume1b.pdf
Moshi Municipal Council,14,Kiborloni,9202,4237,4965,85,2910,3.2,Table 3.4,68,42,https://www.nbs.go.tz/nbs/takwimu/Census2022/Administrative_units_Population_Distribution_Report_Tanzania_Mainland_volume1b.pdf
Moshi Municipal Council,15,Ng'ambo,12482,5754,6728,86,3706,3.4,Table 3.4,68,42,https://www.nbs.go.tz/nbs/takwimu/Census2022/Administrative_units_Population_Distribution_Report_Tanzania_Mainland_volume1b.pdf
Moshi Municipal Council,16,Msaranga,13138,6272,6866,91,3611,3.6,Table 3.4,68,42,https://www.nbs.go.tz/nbs/takwimu/Census2022/Administrative_units_Population_Distribution_Report_Tanzania_Mainland_volume1b.pdf
Moshi Municipal Council,17,Mji Mpya,16582,7951,8631,92,5082,3.3,Table 3.4,68,42,https://www.nbs.go.tz/nbs/takwimu/Census2022/Administrative_units_Population_Distribution_Report_Tanzania_Mainland_volume1b.pdf
Moshi Municipal Council,18,Miembeni,18508,8804,9704,91,5635,3.3,Table 3.4,68,42,https://www.nbs.go.tz/nbs/takwimu/Census2022/Administrative_units_Population_Distribution_Report_Tanzania_Mainland_volume1b.pdf
Moshi Municipal Council,19,Njoro,15511,7739,7772,100,4766,3.3,Table 3.4,68,42,https://www.nbs.go.tz/nbs/takwimu/Census2022/Administrative_units_Population_Distribution_Report_Tanzania_Mainland_volume1b.pdf
Moshi Municipal Council,20,Kaloleni,8264,4094,4170,98,2422,3.4,Table 3.4,68,42,https://www.nbs.go.tz/nbs/takwimu/Census2022/Administrative_units_Population_Distribution_Report_Tanzania_Mainland_volume1b.pdf
Moshi Municipal Council,21,Pasua,18851,9257,9594,96,5630,3.3,Table 3.4,68,42,https://www.nbs.go.tz/nbs/takwimu/Census2022/Administrative_units_Population_Distribution_Report_Tanzania_Mainland_volume1b.pdf
Siha District Council,1,Miti Mirefu,1989,982,1007,98,574,3.5,Table 3.7,71,45,https://www.nbs.go.tz/nbs/takwimu/Census2022/Administrative_units_Population_Distribution_Report_Tanzania_Mainland_volume1b.pdf
Siha District Council,2,Ndumeti,12345,6171,6174,100,3359,3.7,Table 3.7,71,45,https://www.nbs.go.tz/nbs/takwimu/Census2022/Administrative_units_Population_Distribution_Report_Tanzania_Mainland_volume1b.pdf
Siha District Council,3,Ngarenairobi,13794,6810,6984,98,3782,3.6,Table 3.7,71,45,https://www.nbs.go.tz/nbs/takwimu/Census2022/Administrative_units_Population_Distribution_Report_Tanzania_Mainland_volume1b.pdf
Siha District Council,4,Karansi,13816,6593,7223,91,3196,4.3,Table 3.7,71,45,https://www.nbs.go.tz/nbs/takwimu/Census2022/Administrative_units_Population_Distribution_Report_Tanzania_Mainland_volume1b.pdf
Siha District Council,5,Gararagua,11815,5629,6186,91,2748,4.3,Table 3.7,71,45,https://www.nbs.go.tz/nbs/takwimu/Census2022/Administrative_units_Population_Distribution_Report_Tanzania_Mainland_volume1b.pdf
Siha District Council,6,Sanya Juu,14293,6819,7474,91,3828,3.7,Table 3.7,71,45,https://www.nbs.go.tz/nbs/takwimu/Census2022/Administrative_units_Population_Distribution_Report_Tanzania_Mainland_volume1b.pdf
Siha District Council,7,Livishi,5198,2561,2637,97,1475,3.5,Table 3.7,71,45,https://www.nbs.go.tz/nbs/takwimu/Census2022/Administrative_units_Population_Distribution_Report_Tanzania_Mainland_volume1b.pdf
Siha District Council,8,Nasai,8594,4096,4498,91,2571,3.3,Table 3.7,71,45,https://www.nbs.go.tz/nbs/takwimu/Census2022/Administrative_units_Population_Distribution_Report_Tanzania_Mainland_volume1b.pdf
Siha District Council,9,Kirua,6626,3169,3457,92,1845,3.6,Table 3.7,71,45,https://www.nbs.go.tz/nbs/takwimu/Census2022/Administrative_units_Population_Distribution_Report_Tanzania_Mainland_volume1b.pdf
Siha District Council,10,Ivaeny,3611,1781,1830,97,1024,3.5,Table 3.7,71,45,https://www.nbs.go.tz/nbs/takwimu/Census2022/Administrative_units_Population_Distribution_Report_Tanzania_Mainland_volume1b.pdf
Siha District Council,11,Kashashi,5573,2762,2811,98,1565,3.6,Table 3.7,71,45,https://www.nbs.go.tz/nbs/takwimu/Census2022/Administrative_units_Population_Distribution_Report_Tanzania_Mainland_volume1b.pdf
Siha District Council,12,Ormelili,7174,3393,3781,90,1768,4.1,Table 3.7,71,45,https://www.nbs.go.tz/nbs/takwimu/Census2022/Administrative_units_Population_Distribution_Report_Tanzania_Mainland_volume1b.pdf
Siha District Council,13,Olkolili,5100,2377,2723,87,1101,4.6,Table 3.7,71,45,https://www.nbs.go.tz/nbs/takwimu/Census2022/Administrative_units_Population_Distribution_Report_Tanzania_Mainland_volume1b.pdf
Siha District Council,14,Donyomurwak,9840,4724,5116,92,2180,4.5,Table 3.7,71,45,https://www.nbs.go.tz/nbs/takwimu/Census2022/Administrative_units_Population_Distribution_Report_Tanzania_Mainland_volume1b.pdf
Siha District Council,15,Songu,2644,1371,1273,108,652,4.1,Table 3.7,71,45,https://www.nbs.go.tz/nbs/takwimu/Census2022/Administrative_units_Population_Distribution_Report_Tanzania_Mainland_volume1b.pdf
Siha District Council,16,Biriri,5179,2542,2637,96,1287,4.0,Table 3.7,71,45,https://www.nbs.go.tz/nbs/takwimu/Census2022/Administrative_units_Population_Distribution_Report_Tanzania_Mainland_volume1b.pdf
Siha District Council,17,Makiwaru,11428,5513,5915,93,2586,4.4,Table 3.7,71,45,https://www.nbs.go.tz/nbs/takwimu/Census2022/Administrative_units_Population_Distribution_Report_Tanzania_Mainland_volume1b.pdf
Simanjiro District Council,1,Loiborsiret,25332,12186,13146,93,5561,4.6,Table 21.6,227,201,https://www.nbs.go.tz/nbs/takwimu/Census2022/Administrative_units_Population_Distribution_Report_Tanzania_Mainland_volume1b.pdf
Simanjiro District Council,2,Emboreet,20996,10277,10719,96,4364,4.8,Table 21.6,227,201,https://www.nbs.go.tz/nbs/takwimu/Census2022/Administrative_units_Population_Distribution_Report_Tanzania_Mainland_volume1b.pdf
Simanjiro District Council,3,Terrat,14290,6807,7483,91,3075,4.6,Table 21.6,227,201,https://www.nbs.go.tz/nbs/takwimu/Census2022/Administrative_units_Population_Distribution_Report_Tanzania_Mainland_volume1b.pdf
Simanjiro District Council,4,Oljoro No.5,20360,9411,10949,86,4390,4.6,Table 21.6,227,201,https://www.nbs.go.tz/nbs/takwimu/Census2022/Administrative_units_Population_Distribution_Report_Tanzania_Mainland_volume1b.pdf
Simanjiro District Council,5,Komolo,23665,11847,11818,100,5265,4.5,Table 21.6,227,201,https://www.nbs.go.tz/nbs/takwimu/Census2022/Administrative_units_Population_Distribution_Report_Tanzania_Mainland_volume1b.pdf
Simanjiro District Council,6,Shambarai,15113,7871,7242,109,3546,4.3,Table 21.6,227,201,https://www.nbs.go.tz/nbs/takwimu/Census2022/Administrative_units_Population_Distribution_Report_Tanzania_Mainland_volume1b.pdf
Simanjiro District Council,7,Mirerani,21250,10579,10671,99,6064,3.5,Table 21.6,227,201,https://www.nbs.go.tz/nbs/takwimu/Census2022/Administrative_units_Population_Distribution_Report_Tanzania_Mainland_volume1b.pdf
Simanjiro District Council,8,Naisinyai,18177,11119,7058,158,3091,5.9,Table 21.6,227,201,https://www.nbs.go.tz/nbs/takwimu/Census2022/Administrative_units_Population_Distribution_Report_Tanzania_Mainland_volume1b.pdf
Simanjiro District Council,9,Endiamutu,15979,7895,8084,98,4408,3.6,Table 21.6,227,201,https://www.nbs.go.tz/nbs/takwimu/Census2022/Administrative_units_Population_Distribution_Report_Tanzania_Mainland_volume1b.pdf
Simanjiro District Council,10,Msitu wa Tembo,15383,7472,7911,94,3769,4.1,Table 21.6,227,201,https://www.nbs.go.tz/nbs/takwimu/Census2022/Administrative_units_Population_Distribution_Report_Tanzania_Mainland_volume1b.pdf
Simanjiro District Council,11,Ngorika,8936,4475,4461,100,2258,4.0,Table 21.6,227,201,https://www.nbs.go.tz/nbs/takwimu/Census2022/Administrative_units_Population_Distribution_Report_Tanzania_Mainland_volume1b.pdf
Simanjiro District Council,12,Loiborsoit,12713,6570,6143,107,3243,3.9,Table 21.6,227,201,https://www.nbs.go.tz/nbs/takwimu/Census2022/Administrative_units_Population_Distribution_Report_Tanzania_Mainland_volume1b.pdf
Simanjiro District Council,13,Ruvu Remit,8285,3930,4355,90,1854,4.5,Table 21.6,227,201,https://www.nbs.go.tz/nbs/takwimu/Census2022/Administrative_units_Population_Distribution_Report_Tanzania_Mainland_volume1b.pdf
Simanjiro District Council,14,Orkesumet,9437,4648,4789,97,2504,3.8,Table 21.6,227,201,https://www.nbs.go.tz/nbs/takwimu/Census2022/Administrative_units_Population_Distribution_Report_Tanzania_Mainland_volume1b.pdf
Simanjiro District Council,15,Naberera,33344,16366,16978,96,7703,4.3,Table 21.6,227,201,https://www.nbs.go.tz/nbs/takwimu/Census2022/Administrative_units_Population_Distribution_Report_Tanzania_Mainland_volume1b.pdf
Simanjiro District Council,16,Kitwai,10082,4543,5539,82,2232,4.5,Table 21.6,227,201,https://www.nbs.go.tz/nbs/takwimu/Census2022/Administrative_units_Population_Distribution_Report_Tanzania_Mainland_volume1b.pdf
Simanjiro District Council,17,Endonyongijape,7133,3409,3724,92,1393,5.1,Table 21.6,227,201,https://www.nbs.go.tz/nbs/takwimu/Census2022/Administrative_units_Population_Distribution_Report_Tanzania_Mainland_volume1b.pdf
Simanjiro District Council,18,Langai,10694,5249,5445,96,2303,4.6,Table 21.6,227,201,https://www.nbs.go.tz/nbs/takwimu/Census2022/Administrative_units_Population_Distribution_Report_Tanzania_Mainland_volume1b.pdf
