organisation	host	kind	item_id	date	title	tags	listing_url
Moshi District Council	moshidc.go.tz	news	9643	2026-09-17	SIKU YA USAFI DUNIANI	exhibition_or_public_event	https://moshidc.go.tz/api/news?page=1&limit=50
Moshi District Council	moshidc.go.tz	news	9639	2026-09-17	MWEZI WA MAENDELEO YA JAMII: MSELE AWATAKA WANANCHI KUSHIRIKI, KUTUMIA FURSA NA KUIJENGA JAMII YENYE MAENDELEO	parents_or_education, exhibition_or_public_event	https://moshidc.go.tz/api/news?page=1&limit=50
Siha District Council	sihadc.go.tz	news	9384	2026-09-10	ZAIDI YA WANANCHI 250 WAFIKIWA NA KLINIKI YA MAENDELEO YA JAMII SIHA, ELIMU YA UJASIRIAMALI, MIKOPO NA MSAADA WA KISHERIA YATOLEWA.	parents_or_education, exhibition_or_public_event	https://sihadc.go.tz/api/news?page=1&limit=50
Siha District Council	sihadc.go.tz	news	9340	2026-09-10	DC SIHA DKT. TIMBUKA AZINDUA KAMPENI YA UTOAJI WA CHANJO YA POLIO, WATOTO 42,049 KUFIKIWA	parents_or_education, election_period	https://sihadc.go.tz/api/news?page=1&limit=50
Hai District Council	haidc.go.tz	news	9207	2026-09-08	DED Hai awataka watumishi kufanya kazi kwa weledi	officials_training	https://haidc.go.tz/api/news?page=1&limit=50
Siha District Council	sihadc.go.tz	news	9352	2026-09-08	BARAZA LA MADIWANI LAMPONGEZA MKURUGENZI MTENDAJI KWA KUVUKA MALENGO YA UKUSANYAJI WA MAPATO KWA ASILIMIA 108 KWA MWAKA WA FEDHA 2025/2026	public_meeting, parents_or_education	https://sihadc.go.tz/api/news?page=1&limit=50
Hai District Council	haidc.go.tz	news	9208	2026-09-07	Elimu ya watu wazima yatajwa kuwa nyenzo ya kujikwamua kiuchumi	parents_or_education, exhibition_or_public_event	https://haidc.go.tz/api/news?page=1&limit=50
Arusha Regional Secretariat	arusha.go.tz	news	9434	2026-08-28	ARUSHA KUZIKUTANISHA NGO's 500 KWENYE JUKWAA LA MWAKA 2026	public_meeting	https://arusha.go.tz/api/news?page=1&limit=50
Hai District Council	haidc.go.tz	news	8594	2026-08-26	Wazazi watakiwa kutoa ushirikiano kwa wataam wa afya ili kufanikisha zoezi la chanjo ya polio	parents_or_education, election_period	https://haidc.go.tz/api/news?page=1&limit=50
Hai District Council	haidc.go.tz	news	8592	2026-08-26	MKUU WA MKOA AHIMIZA ASIACHWE MTOTO KWENYE ZOEZI LA CHANJO YA POLIO	parents_or_education, election_period	https://haidc.go.tz/api/news?page=1&limit=50
Arusha Regional Secretariat	arusha.go.tz	news	8534	2026-08-25	RC MAKALLA: UWEKAJI TAA UWANJA WA NDEGE ARUSHA UMEKAMILIKA	election_period	https://arusha.go.tz/api/news?page=1&limit=50
Arusha Regional Secretariat	arusha.go.tz	news	8533	2026-08-24	WAKUU WA WILAYA ZA MKOA WA ARUSHA WAJIZATITI USIMAMIZI CHANJO YA POLIO KWA WATOTO	parents_or_education, election_period	https://arusha.go.tz/api/news?page=1&limit=50
Arusha Regional Secretariat	arusha.go.tz	news	8531	2026-08-24	WASIMAMIZI 4,567 WAPATIWA ELIMU ZOEZI LA UTOAJI CHANJO YA POLIO ARUSHA	parents_or_education, officials_training, election_period	https://arusha.go.tz/api/news?page=1&limit=50
Arusha Regional Secretariat	arusha.go.tz	news	8530	2026-08-24	RC MAKALLA AHIMIZA USHIRIKI WA VIONGOZI NA WANANCHI KWENYE ZOEZI LA CHANJO YA POLIO	parents_or_education, election_period	https://arusha.go.tz/api/news?page=1&limit=50
Hai District Council	haidc.go.tz	news	8465	2026-08-24	Wazazi na walezi wameshauriwa na wataalamu wa afya ili kuhakikisha watoto wanapata chanjo ya polio	parents_or_education, election_period	https://haidc.go.tz/api/news?page=1&limit=50
Hai District Council	haidc.go.tz	news	8463	2026-08-24	kampeni kuanza tarehe 27 Agost Wilayani Hai	parents_or_education, election_period	https://haidc.go.tz/api/news?page=1&limit=50
Hai District Council	haidc.go.tz	news	8460	2026-08-23	Mkuu wa wilaya ya Hai Hassan Bomboko awataka watendaji kuhamasisha chanjo ya polio,watoto 63,270 kuchanjwa	parents_or_education, exhibition_or_public_event, officials_training, election_period	https://haidc.go.tz/api/news?page=1&limit=50
Arusha City Council	arushacc.go.tz	announcements	898	2026-08-22	KAMPENI YA CHANJO YA POLIO KWA WATOTO CHINI YA MIAKA 10	parents_or_education, election_period	https://arushacc.go.tz/api/announcements?page=1&limit=50
Hai District Council	haidc.go.tz	news	8381	2026-08-21	Wazazi watakiwa kuwahakikiaha watoto chini ya miaka kumi wanapata chanjo ya polio	parents_or_education, election_period	https://haidc.go.tz/api/news?page=1&limit=50
Moshi District Council	moshidc.go.tz	news	9094	2026-08-21	MOSHI DC YAADHIMISHA JUMA LA ELIMU YA WATU WAZIMA, SANAA YATUMIKA KUFIKISHA UJUMBE.	parents_or_education, exhibition_or_public_event	https://moshidc.go.tz/api/news?page=1&limit=50
Moshi District Council	moshidc.go.tz	news	9089	2026-08-18	MOSHI DC KUENDESHA KAMPENI YA CHANJO YA MATONE YA POLIO KWA WATOTO CHINI YA MIAKA 10	parents_or_education, election_period	https://moshidc.go.tz/api/news?page=1&limit=50
Arusha Regional Secretariat	arusha.go.tz	news	8423	2026-08-17	SERIKALI YAANZA UTEKELEZAJI WA UGAWAJI CHANJO YA POLIO KWA MIKOA SABA NCHINI	election_period	https://arusha.go.tz/api/news?page=1&limit=50
Arusha Regional Secretariat	arusha.go.tz	news	8422	2026-08-17	WATOTO 774, 459 CHINI YA MIAKA 10 KUPATIWA CHANJO YA POLIO MKOANI ARUSHA	parents_or_education, election_period	https://arusha.go.tz/api/news?page=1&limit=50
Hai District Council	haidc.go.tz	news	8097	2026-08-13	Vijana watakiwa kulinda amani	parents_or_education, exhibition_or_public_event	https://haidc.go.tz/api/news?page=1&limit=50
Arusha Regional Secretariat	arusha.go.tz	news	8075	2026-08-10	RC ARUSHA ASISITIZA USHIRIKIANO NA MTAZAMO WA PAMOJA KATIKA USIMAMIZI WA MIRADI YA MAENDELEO	parents_or_education, officials_training	https://arusha.go.tz/api/news?page=1&limit=50
Moshi District Council	moshidc.go.tz	news	7884	2026-08-09	NASEC AGRO ORGANIC YAIOMBA SERIKALI KUTOA RUZUKU KWA WAZALISHAJI WA MBOLEA ZA ASILI	exhibition_or_public_event	https://moshidc.go.tz/api/news?page=1&limit=50
Moshi District Council	moshidc.go.tz	news	7883	2026-08-09	DIWANI AITAKA MOSHI DC KUWEKEZA KWA WABUNIFU	exhibition_or_public_event	https://moshidc.go.tz/api/news?page=1&limit=50
Arusha Regional Secretariat	arusha.go.tz	news	7761	2026-08-08	RAS MANYARA: WAONESHAJI 446 WASHIRIKI MAONESHO YA 32 YA KILIMO NA MIFUGO KANDA YA KASKAZINI	parents_or_education, exhibition_or_public_event	https://arusha.go.tz/api/news?page=1&limit=50
Arusha Regional Secretariat	arusha.go.tz	news	7760	2026-08-08	RC MAKALLA: MAONESHO YA NANENANE MWAKA UJAO YATAAMBATANA NA MASHINDANO YA AFCON 2027 🇹🇿	parents_or_education, exhibition_or_public_event	https://arusha.go.tz/api/news?page=1&limit=50
Arusha Regional Secretariat	arusha.go.tz	news	7759	2026-08-08	RC MAKALLA AFUNGA MAONESHO YA NANENANE KANDA YA KASKAZINI	parents_or_education, exhibition_or_public_event	https://arusha.go.tz/api/news?page=1&limit=50
Arusha Regional Secretariat	arusha.go.tz	news	7736	2026-08-08	KILIMO NA UFUGAJI WENYE TIJA VINAHITAJI UTAFITI, TEKNOLOJIA NA ZANA ZA KISASA	exhibition_or_public_event	https://arusha.go.tz/api/news?page=1&limit=50
Kilimanjaro Regional Secretariat	kilimanjaro.go.tz	news	7803	2026-08-08	RC BABU AWATAKA WAKULIMA KUTUMIA MBOLEA YA RUZUKU NA ELIMU YA NANE NANE KUONGEZA TIJA	parents_or_education, exhibition_or_public_event	https://kilimanjaro.go.tz/api/news?page=1&limit=50
Monduli District Council	mondulidc.go.tz	news	7900	2026-08-08	Tawi la Yanga Halisi Monduli lachangia Damu Salama Katika Hospitali ya Wilaya ya Monduli	parents_or_education, exhibition_or_public_event	https://mondulidc.go.tz/api/news?page=1&limit=50
Moshi District Council	moshidc.go.tz	news	7786	2026-08-08	MOSHI DC YAIBUKA KINARA NANE NANE 2026	exhibition_or_public_event	https://moshidc.go.tz/api/news?page=1&limit=50
Siha District Council	sihadc.go.tz	news	7784	2026-08-08	SIHA DC YAIBUKA MSHINDI WA KWANZA WA NG'OMBE BORA WA NYAMA	exhibition_or_public_event	https://sihadc.go.tz/api/news?page=1&limit=50
Arusha Regional Secretariat	arusha.go.tz	news	7666	2026-08-07	WAZIRI OWM - TAMISEMI KUFUNGA MAONESHO YA 32 YA KILIMO NA MIFUGA NANENANE KANDA YA KASKAZINI	exhibition_or_public_event	https://arusha.go.tz/api/news?page=1&limit=50
Hai District Council	haidc.go.tz	news	7870	2026-08-07	Madiwani Hai kuhamasisha kilimo cha kisasa	parents_or_education, exhibition_or_public_event	https://haidc.go.tz/api/news?page=1&limit=50
Siha District Council	sihadc.go.tz	news	9332	2026-08-07	MAONESHO YA NANE NANE 2026	parents_or_education, exhibition_or_public_event	https://sihadc.go.tz/api/news?page=1&limit=50
Siha District Council	sihadc.go.tz	news	9329	2026-08-07	WITO WATOLEWA KWA WANANCHI KUJITOKEZA KUPATA ELIMU YA KILIMO, UFUGAJI NANE NANE KUONGEZA TIJA	parents_or_education, exhibition_or_public_event	https://sihadc.go.tz/api/news?page=1&limit=50
Arusha Regional Secretariat	arusha.go.tz	news	7638	2026-08-06	DC LONGIDO AWATAKA WAKULIMA NA WAFUGAJI KUTEKA SOKO LA MAZAO LA KIMATAIFA	parents_or_education, exhibition_or_public_event	https://arusha.go.tz/api/news?page=1&limit=50
Hai District Council	haidc.go.tz	news	7867	2026-08-06	Maafisa Kilimo kuanzisha shamba darasa kila kijiji	exhibition_or_public_event	https://haidc.go.tz/api/news?page=1&limit=50
Siha District Council	sihadc.go.tz	news	7780	2026-08-06	DC SIHA ATEMBELEA BANDA LA MAONESHO LA HALMASHAURI YA WILAYA YA SIHA	parents_or_education, exhibition_or_public_event	https://sihadc.go.tz/api/news?page=1&limit=50
Arusha Regional Secretariat	arusha.go.tz	news	7581	2026-08-05	SERIKALI YAAHIDI KUENDELEA KUWEKA MAZINGIRA RAFIKI KWA WAFUGAJI WA KANDA YA KASKAZINI	exhibition_or_public_event	https://arusha.go.tz/api/news?page=1&limit=50
Arusha Regional Secretariat	arusha.go.tz	news	7580	2026-08-04	MOSHI MGENI RASMI PAREDI YA MIFUGO NANENANE KANDA YA KASIKAZINI	exhibition_or_public_event	https://arusha.go.tz/api/news?page=1&limit=50
Arusha Regional Secretariat	arusha.go.tz	news	7529	2026-08-04	DC KARANGA AWATAKAA WAKULIMA KUNUFAIKA NA SOKO LA UTALII ARUSHA	exhibition_or_public_event	https://arusha.go.tz/api/news?page=1&limit=50
Arusha Regional Secretariat	arusha.go.tz	news	7461	2026-08-04	WAKULIMA NA WAFUGAJI WAKIRI KUPATA ELIMU YA UFUGAJI NA KILIMO BORA MAONESHO YA NANENANE KANDA YA KASKAZINI	parents_or_education, exhibition_or_public_event	https://arusha.go.tz/api/news?page=1&limit=50
Arusha City Council	arushacc.go.tz	news	7579	2026-08-04	MKURUGENZI WA JIJI LA ARUSHA ATEMBELEA MABANDA YA NANE NANE	exhibition_or_public_event	https://arushacc.go.tz/api/news?page=1&limit=50
Moshi District Council	moshidc.go.tz	news	7777	2026-08-04	MAADHIMISHO YA WIKI YA UNYONYESHAJI 2026	parents_or_education, exhibition_or_public_event	https://moshidc.go.tz/api/news?page=1&limit=50
Arusha Regional Secretariat	arusha.go.tz	news	7437	2026-08-03	RC KILIMANJARO: MAONYESHO YA NANE NANE KANDA KASKAZINI YAMELETA TIJA KWA WAKULIMA NA WAFUGAJI	exhibition_or_public_event	https://arusha.go.tz/api/news?page=1&limit=50
Arusha Regional Secretariat	arusha.go.tz	news	7390	2026-08-02	NAIBU WAZIRI SILINDE AHIMIZA ULINZI WA AMANI KWA MAENDELEO YA KIUCHUMI NA UKUAJI WA SEKTA YA UTALII ARUSHA	parents_or_education, exhibition_or_public_event	https://arusha.go.tz/api/news?page=1&limit=50
Arusha Regional Secretariat	arusha.go.tz	news	7389	2026-08-02	WAKULIMA KANDA YA KASKAZINI WATAKIWA KUJIANDAA NA FURSA ZA UJIO WA IPU NA AFCON 2027	exhibition_or_public_event	https://arusha.go.tz/api/news?page=1&limit=50
Arusha Regional Secretariat	arusha.go.tz	news	7388	2026-08-02	WAKULIMA NA WAFUGAJI WAHIMIZWA KUTAMBUA SOKO NA KUONGEZA TIJA YA MAZAO	exhibition_or_public_event	https://arusha.go.tz/api/news?page=1&limit=50
Arusha Regional Secretariat	arusha.go.tz	news	7387	2026-08-01	DC MKUDE AWAHAKIKISHIA USALAMA WASHIRIKI WA NANENANE KANDA YA KASKAZINI	exhibition_or_public_event	https://arusha.go.tz/api/news?page=1&limit=50
Arusha Regional Secretariat	arusha.go.tz	news	7386	2026-08-01	RAS ARUSHA: TAMBUA MAHITAJI YA SOKO KUTEKELEZA DIRA 2050	exhibition_or_public_event	https://arusha.go.tz/api/news?page=1&limit=50
Arusha Regional Secretariat	arusha.go.tz	news	7385	2026-08-01	WAONESHAJI ZAIDI YA 500 KUSHIRIKI MAONESHO YA 32 KANDA YA KASKAZINI	exhibition_or_public_event	https://arusha.go.tz/api/news?page=1&limit=50
Arusha Regional Secretariat	arusha.go.tz	announcements	786	2026-08-01	NAIBU WAZIRI WA KILIMO MGENI RASMI MAONESHO YA 32 YA KILIMO NANENANE KANDA YA KASKAZINI	exhibition_or_public_event	https://arusha.go.tz/api/announcements?page=1&limit=50
Monduli District Council	mondulidc.go.tz	news	7410	2026-08-01	WAONESHAJI ZAIDI YA 500 KUSHIRIKI MAONESHO YA 32 YA NANENANE KANDA YA KASKAZINI	exhibition_or_public_event	https://mondulidc.go.tz/api/news?page=1&limit=50
Arusha Regional Secretariat	arusha.go.tz	news	7384	2026-07-31	MAZAO FUNIKA YAIBULIWA KAMA SULUHISHO LA KUREJESHA RUTUBA YA UDONGO KWA WAKULIMA	parents_or_education, exhibition_or_public_event	https://arusha.go.tz/api/news?page=1&limit=50
Arusha Regional Secretariat	arusha.go.tz	news	7383	2026-07-31	TEKNOLOJIA ZA KISASA ZA UFUGAJI KUONESHWA KWENYE MAONESHO YA NANENANE KANDA YA KASKAZINI 2026	parents_or_education, exhibition_or_public_event	https://arusha.go.tz/api/news?page=1&limit=50
Arusha Regional Secretariat	arusha.go.tz	news	7377	2026-07-31	ARUSHA DC YAHIMIZA WAKULIMA KUANZIA SOKONI, YAJIPANGA KUNG'ARA MAONESHO YA NANENANE 2026	parents_or_education, exhibition_or_public_event	https://arusha.go.tz/api/news?page=2&limit=50
Arusha Regional Secretariat	arusha.go.tz	news	7376	2026-07-31	MAONESHO YA 32 YA NANENANE KANDA YA KASKAZINI KUFUNGULIWA AGOSTI MOSI,2026 ARUSHA	exhibition_or_public_event	https://arusha.go.tz/api/news?page=2&limit=50
Kilimanjaro Regional Secretariat	kilimanjaro.go.tz	news	7260	2026-07-31	WAKUU WA MIKOA YA KANDA YA KASKAZINI WAWAALIKA WANANCHI MAONESHO YA NANENANE 2026	exhibition_or_public_event	https://kilimanjaro.go.tz/api/news?page=1&limit=50
Arusha Regional Secretariat	arusha.go.tz	news	7369	2026-07-27	WAKUU WA MIKOA YA KANDA YA KASKAZINI WAWAALIKA WANANCHI MAONESHO YA NANENANE 2026	exhibition_or_public_event	https://arusha.go.tz/api/news?page=2&limit=50
Arusha Regional Secretariat	arusha.go.tz	news	7362	2026-07-25	WAZIRI CHONGOLO AWASILI WILAYA YA ARUSHA	public_meeting	https://arusha.go.tz/api/news?page=2&limit=50
Arusha Regional Secretariat	arusha.go.tz	news	7355	2026-07-24	WAZIRI CHONGOLO AAGIZA KUOGEZA KASI UKARABATI WA BARABARA YA ARUSHA - KIA ILI IKAMILIKE KWA WAKATI	exhibition_or_public_event	https://arusha.go.tz/api/news?page=2&limit=50
Arusha City Council	arushacc.go.tz	news	6944	2026-07-24	WAZIRI WA KILIMO MHE. DANIEL GODFREY CHONGOLO (MB) AZINDUA RASMI JENGO LA NYUMBA YA WALIMU KATIKA SHULE YA SEKONDARI KALIMAJI	public_meeting, parents_or_education	https://arushacc.go.tz/api/news?page=1&limit=50
Arusha Regional Secretariat	arusha.go.tz	news	7352	2026-07-23	WAZIRI CHONGOLO AIPA TPHPA WIKI MOJA, KUSHUGHULIKIA KUSINYAA KWA MIGOMBA MTO WA MBU	exhibition_or_public_event	https://arusha.go.tz/api/news?page=2&limit=50
Arusha Regional Secretariat	arusha.go.tz	news	6923	2026-07-23	WAZIRI WA KILIMO AMEWASILI WILAYA MONDULI KWA ZIARA YA KIKAZI	public_meeting, parents_or_education	https://arusha.go.tz/api/news?page=2&limit=50
Moshi District Council	moshidc.go.tz	news	6889	2026-07-23	MOSHI DC YAKUTANA NA NGOs KUJADILI USHIRIKI WA SIKU MAALUMU ZA KITAIFA IKIWEMO MBIO ZA MWENGE WA UHURU	parents_or_education, exhibition_or_public_event	https://moshidc.go.tz/api/news?page=1&limit=50
Arusha Regional Secretariat	arusha.go.tz	news	6827	2026-07-22	ZAO LA VITUNGUU KUWA NA UTARATIBU RASMI WA UUZAJI KULINDA MASLAHI YA MKULIMA	public_meeting	https://arusha.go.tz/api/news?page=2&limit=50
Arusha Regional Secretariat	arusha.go.tz	news	6793	2026-07-22	WAZIRI WA KILIMO AMEWASILI WILAYA KARATU KWA ZIARA YA KIKAZI	public_meeting	https://arusha.go.tz/api/news?page=2&limit=50
Kilimanjaro Regional Secretariat	kilimanjaro.go.tz	news	6860	2026-07-22	RAS NZOWA APONGEZA KILIMANJARO KUTWAA TUZO MAONYESHO YA SABASABA	exhibition_or_public_event	https://kilimanjaro.go.tz/api/news?page=1&limit=50
Kilimanjaro Regional Secretariat	kilimanjaro.go.tz	news	6855	2026-07-22	KILIMANJARO YANG'ARA MAONYESHO YA SABASABA.	exhibition_or_public_event, election_period	https://kilimanjaro.go.tz/api/news?page=1&limit=50
Siha District Council	sihadc.go.tz	news	6869	2026-07-22	IDARA ZA ELIMU, KILIMO ZAHIMIZWA KUSIMAMIA ULIMAJI WA MBOGAMBOGA NA MAZAO YA CHAKULA SHULENI KUIMARISHA LISHE YA WATOTO	parents_or_education, exhibition_or_public_event	https://sihadc.go.tz/api/news?page=1&limit=50
Hai District Council	haidc.go.tz	news	6991	2026-07-21	Wazazi watakiwa kuzingatia lishe bora	parents_or_education, officials_training	https://haidc.go.tz/api/news?page=1&limit=50
Kilimanjaro Regional Secretariat	kilimanjaro.go.tz	news	6738	2026-07-21	RAS NZOWA AWAITA WANANCHI KUNUFAIKA NA FURSA ZA MAONYESHO YA NANE NANE	parents_or_education, exhibition_or_public_event	https://kilimanjaro.go.tz/api/news?page=1&limit=50
Arusha Regional Secretariat	arusha.go.tz	announcements	785	2026-07-20	MAONESHO YA 32 YA KILIMO NA MIFUGO NA SHEREHE ZA WAKULIMA NANENANE KANDA YA KASKAZINI KUANZA RASMI AGOSTI 01-09,2026	exhibition_or_public_event	https://arusha.go.tz/api/announcements?page=1&limit=50
Arusha Regional Secretariat	arusha.go.tz	news	6760	2026-07-18	TAASISI ZA UMMA ARUSHA ZATAKIWA KUHARAKISHA UTEKELEZAJI MIUNDOMBINU ENEO LA UWANJA WA AFCON 2027	exhibition_or_public_event	https://arusha.go.tz/api/news?page=2&limit=50
Moshi District Council	moshidc.go.tz	news	7401	2026-07-18	MNZAVA MGUU KWA MGUU KUSIKILIZA NA KUTATUA KERO ZA WANANCHI KIJIJI CHA RAU RIVER KATA YA KAHE MAGHARIBI	public_meeting	https://moshidc.go.tz/api/news?page=1&limit=50
Moshi District Council	moshidc.go.tz	news	7398	2026-07-17	DC MNZAVA AONGOZA MAJADILIANO KUMALIZA MGOGORO WA ARDHI WA HIFADHI YA BARABARA KIJIJI CHA UMBWE KATI	public_meeting	https://moshidc.go.tz/api/news?page=1&limit=50
Arusha Regional Secretariat	arusha.go.tz	news	6560	2026-07-16	Serikali yaiasa sekta ya habari kuongoza mapinduzi ya matumizi ya nishati safi ya kupikia.	election_period	https://arusha.go.tz/api/news?page=2&limit=50
Arusha Regional Secretariat	arusha.go.tz	news	6547	2026-07-16	RAIS DKT. SAMIA ANAWEKA HISTORIA YA KUJENGA UKUMBI MKUBWA AFRIKA- RC MAKALLA	exhibition_or_public_event	https://arusha.go.tz/api/news?page=3&limit=50
Arusha Regional Secretariat	arusha.go.tz	news	6495	2026-07-16	NGORONGORO YAPONGEZWA MATUMIZI YA NISHATI SAFI YA KUPIKIA.	parents_or_education, election_period	https://arusha.go.tz/api/news?page=3&limit=50
Arusha Regional Secretariat	arusha.go.tz	news	6561	2026-07-15	MAONESHO YA NANENANE KANDA YA KASKAZINI KUANZA AGOSTI MOSI, 2026	exhibition_or_public_event	https://arusha.go.tz/api/news?page=2&limit=50
Moshi District Council	moshidc.go.tz	news	7345	2026-07-11	SIKU YA KILIMANJARO YANOGESHA MAONYESHO YA SABABASABA DAR ES SALAAM 2026, YATOA FURSA ZA UWEKEZAJI KWENYE UTALII, UTAMADUNI NA VIWANDA	parents_or_education, exhibition_or_public_event	https://moshidc.go.tz/api/news?page=1&limit=50
Hai District Council	haidc.go.tz	news	6983	2026-07-10	Viongozi wa vijiji watakiwa kuwatambua watoa huduma za tiba asili	public_meeting	https://haidc.go.tz/api/news?page=1&limit=50
Moshi District Council	moshidc.go.tz	news	7344	2026-07-10	MOSHI DC YAPATA HATI SAFI, YAVUKA LENGO MAKUSANYO, RC BABU AIPA KONGOLE	public_meeting	https://moshidc.go.tz/api/news?page=1&limit=50
Siha District Council	sihadc.go.tz	news	6282	2026-07-09	RC KILIMANJARO AIPONGEZA SIHA KWA KUPATA HATI SAFI MIAKA MITATU MFULULIZO, ASISITIZA MAELEKEZO YA CAG KUFANYIWA KAZI	public_meeting	https://sihadc.go.tz/api/news?page=1&limit=50
Hai District Council	haidc.go.tz	news	6241	2026-07-08	Hai yapata hati safi,Mkuu wa Mkoa awapongeza	public_meeting, parents_or_education	https://haidc.go.tz/api/news?page=1&limit=50
Siha District Council	sihadc.go.tz	news	6247	2026-07-07	DED SIHA AFANYA KIKAO KAZI NA WATENDAJI WA KATA NA VIJIJI, AWAHIMIZA KUSIKILIZA KERO ZA WANANCHI	parents_or_education, officials_training	https://sihadc.go.tz/api/news?page=1&limit=50
Arusha Regional Secretariat	arusha.go.tz	news	6490	2026-07-05	SERIKALI IMEWEKA MAZINGIRA RAFIKI KWA WADAU WA MAENDELEO KUWEKEZA🇹🇿	election_period	https://arusha.go.tz/api/news?page=3&limit=50
Siha District Council	sihadc.go.tz	news	6195	2026-07-05	WANAFUNZI KIDATO CHA SITA SIHA WAFAULU KWA ASILIMIA 100, SHULE YA SEKONDARI MAGADINI YAONGOZA KIWILAYA	public_meeting, parents_or_education	https://sihadc.go.tz/api/news?page=1&limit=50
Arusha Regional Secretariat	arusha.go.tz	news	6124	2026-07-03	RC ARUSHA AWATAKA WANANCHI KUCHANGAMKIA FURSA ZA UJIO WA BUNGE LA DUNIA (IPU) NA AFCON	public_meeting	https://arusha.go.tz/api/news?page=3&limit=50
Arusha Regional Secretariat	arusha.go.tz	news	6123	2026-07-03	KIWANDA CHA MAZIWA DEMAMS DIRAY PRODUCTS	exhibition_or_public_event	https://arusha.go.tz/api/news?page=3&limit=50
Arusha Regional Secretariat	arusha.go.tz	news	6122	2026-07-03	MAONESHO YA SABASABA SIO KUUZA TU: BALI NI KUITANGAZA TANZANIA	exhibition_or_public_event	https://arusha.go.tz/api/news?page=3&limit=50
Arusha Regional Secretariat	arusha.go.tz	news	6121	2026-07-03	SASASABA IMENIKUTANISHA NA WATU WA MATAIFA MENGINE	exhibition_or_public_event	https://arusha.go.tz/api/news?page=3&limit=50
Arusha Regional Secretariat	arusha.go.tz	news	6118	2026-07-03	WAJASIRIAMLI ARUSHA WAMSHUKURU MAMA SAMIA KWA FURSA ZA KIBIASHARA NDANI NA NJE YA NCHI	parents_or_education, exhibition_or_public_event	https://arusha.go.tz/api/news?page=3&limit=50
Arusha Regional Secretariat	arusha.go.tz	news	6117	2026-07-03	SERIKALI YATOA FURSA KWA WAJASIRIAMALI KUPITIA MAPATO YA NDANI	exhibition_or_public_event	https://arusha.go.tz/api/news?page=3&limit=50
Arusha Regional Secretariat	arusha.go.tz	news	6119	2026-07-02	SERIKALI KUANZA UJENZI WA BWAWA LA UMWAGILIAJI TINGATINGA WILAYA YA LONGIDO 🇹🇿	public_meeting, parents_or_education	https://arusha.go.tz/api/news?page=3&limit=50
Arusha Regional Secretariat	arusha.go.tz	news	6116	2026-07-01	MKOA WA ARUSHA WASHIRIKI MAONESHO YA 50 YA BIASHARA YA KIMATAIFA	exhibition_or_public_event	https://arusha.go.tz/api/news?page=3&limit=50
Arusha Regional Secretariat	arusha.go.tz	news	6115	2026-07-01	RC ARUSHA APOKEA MAOMBI YA HALMASHAURI YA MERU NA ARUSHA DC KUWA MANISPAA	public_meeting	https://arusha.go.tz/api/news?page=3&limit=50
Arusha Regional Secretariat	arusha.go.tz	news	6114	2026-07-01	RC MAKALLA AWATAKA MADIWANI ARUSHA DC KUHAMASISHA KAMPENI YA USAFI	public_meeting, election_period	https://arusha.go.tz/api/news?page=3&limit=50
Arusha Regional Secretariat	arusha.go.tz	news	5968	2026-07-01	WAKUU WA MIKOA WAAGIZWA KUSIMAMIA NA KUREJESHA KAMPENI ZA USAFI KILA JUMAMOSI YA MWISHO MWEZI	parents_or_education, election_period	https://arusha.go.tz/api/news?page=3&limit=50
Moshi District Council	moshidc.go.tz	news	7329	2026-07-01	MWENGE WA UHURU 2026 WAZINDUA MRADI WA NISHATI SAFI YA KUPIKIA SHULE YA SEKONDARI MWIKA	parents_or_education, election_period	https://moshidc.go.tz/api/news?page=1&limit=50
Arusha Regional Secretariat	arusha.go.tz	news	5891	2026-06-30	BARAZA LA MADIWANI HALMASHAURI YA KARATU LAJADILI HOJA ZA CAG 2024/2025	public_meeting	https://arusha.go.tz/api/news?page=4&limit=50
Arusha Regional Secretariat	arusha.go.tz	news	5859	2026-06-30	RC ARUSHA ATAKA WILAYA YA KARATU KUWEKA MKAKATI WA KUKUZA UTALII	public_meeting	https://arusha.go.tz/api/news?page=4&limit=50
Arusha Regional Secretariat	arusha.go.tz	news	5857	2026-06-30	BARAZA LA MADIWANI HALMASHAURI YA NGORONGORO LAKUTANA KUJADILI HOJA ZA CAG 2024/2025	public_meeting	https://arusha.go.tz/api/news?page=4&limit=50
Hai District Council	haidc.go.tz	news	5903	2026-06-30	Wananchi washauriwa kula mlo kamili	parents_or_education, exhibition_or_public_event	https://haidc.go.tz/api/news?page=1&limit=50
Meru District Council	merudc.go.tz	news	5926	2026-06-30	DED MAKWINYA AFANYA KIKAO NA MAAFISA WATENDAJI WA VIJIJI WIKI YA UTUMISHI WA UMMA	exhibition_or_public_event, officials_training	https://merudc.go.tz/api/news?page=1&limit=50
Arusha Regional Secretariat	arusha.go.tz	news	5858	2026-06-29	RC ARUSHA ATAKA WILAYA YA KARATU KUWEKA MKAKATI WA KUKUZA UTALII	public_meeting	https://arusha.go.tz/api/news?page=4&limit=50
Arusha Regional Secretariat	arusha.go.tz	news	5856	2026-06-28	RC ARUSHA: UJENZI WA BARABARA YA LUDUARE- SERENGETI UMEANZA NA HATUA ZA KUUNGANISHA NGORONGORO NA MONDULI ZIMEANZA	public_meeting, parents_or_education	https://arusha.go.tz/api/news?page=4&limit=50
Arusha Regional Secretariat	arusha.go.tz	news	5775	2026-06-26	BARAZA LA MADIWANI HALMASHAURI YA LONGIDO LAKUTANA KUJADILI HOJA ZA CAG 2024/2025	public_meeting	https://arusha.go.tz/api/news?page=4&limit=50
Arusha Regional Secretariat	arusha.go.tz	news	5759	2026-06-26	RC MAKALLA AIPONGEZA HALMASHAURI YA LONGIDO NA HALMASHAURI ZA ARUSHA KWA KUPATA HATI SAFI	public_meeting	https://arusha.go.tz/api/news?page=4&limit=50
Meru District Council	merudc.go.tz	news	6069	2026-06-25	RC MAKALLA AFANYA KIKAO NA WENYEVITI WA VIJIJI, WATENDAJI WA KATA NA VIJIJI	public_meeting, parents_or_education, officials_training	https://merudc.go.tz/api/news?page=1&limit=50
Arusha Regional Secretariat	arusha.go.tz	news	5691	2026-06-24	RC MAKALLA; ULINZI, USALAMA NA USAFI WA MAZINGIRA VITACHANGIA KUKUA KWA UTALII, NA KUFANIKISHA MIKUTANO YA KIMATAIFA NA AFCON 2027	parents_or_education, officials_training	https://arusha.go.tz/api/news?page=4&limit=50
Arusha Regional Secretariat	arusha.go.tz	news	5670	2026-06-24	RC MAKALLA AWATAKA WENYEVITI WA MITAA KUSIMAMIA ULINZI, USAFI, MIRADI NA UTATUZI WA KERO KATIKA MAENEO YAO	parents_or_education, officials_training	https://arusha.go.tz/api/news?page=4&limit=50
Arusha Regional Secretariat	arusha.go.tz	news	5665	2026-06-24	DKT. NGUVILA ASISITIZA UMOJA, MSHIKAMANO LONGIDO	parents_or_education, election_period	https://arusha.go.tz/api/news?page=4&limit=50
Arusha Regional Secretariat	arusha.go.tz	news	5660	2026-06-24	RAS ARUSHA ATETA NA WATUMISHI NGORONGORO DC	exhibition_or_public_event	https://arusha.go.tz/api/news?page=4&limit=50
Arusha Regional Secretariat	arusha.go.tz	news	5671	2026-06-23	RC MAKALLA: MAONESHO YA NANENANE KANDA YA KASKAZINI KUFUNGULIWA TAREHE 1/8/ 2026 VIWANJA VYA THEMI- NJIRO	exhibition_or_public_event	https://arusha.go.tz/api/news?page=4&limit=50
Arusha City Council	arushacc.go.tz	news	5579	2026-06-23	DK. JAFARI RAJAB SEIF NAIBU WAZIRI OFISI YA WAZIRI MKUU – TAMISEMI AFYA ATEMBELEA BANDA LA JIJI LA ARUSHA WIKI YA UTUMISHI WA UMMA	exhibition_or_public_event	https://arushacc.go.tz/api/news?page=1&limit=50
Arusha City Council	arushacc.go.tz	news	5580	2026-06-22	KATIBU MKUU OFISI YA RAIS UTUMISHI ATEMBELEA BANDA LA JIJI LA ARUSHA	exhibition_or_public_event	https://arushacc.go.tz/api/news?page=1&limit=50
Arusha Regional Secretariat	arusha.go.tz	news	5666	2026-06-19	RAS ARUSHA AWATAKA WANANCHI WA LONGIDO KUHAKIKISHA WATOTO WANASOMA	parents_or_education, election_period	https://arusha.go.tz/api/news?page=4&limit=50
Arusha Regional Secretariat	arusha.go.tz	news	5439	2026-06-16	RC MAKALA ATOA SALAMU ZA SIKU YA MTOTO WA AFRIKA	parents_or_education, exhibition_or_public_event	https://arusha.go.tz/api/news?page=4&limit=50
Siha District Council	sihadc.go.tz	news	5277	2026-06-16	WANANCHI 300 SIHA WANUFAIKA NA KLINIKI YA MAGONJWA YASIYOAMBUKIZA KATIKA HOSPITALI YA WILAYA YA SIHA	exhibition_or_public_event	https://sihadc.go.tz/api/news?page=1&limit=50
Siha District Council	sihadc.go.tz	news	5204	2026-06-15	SIHA DC YAADHIMISHA SIKU YA MTOTO WA AFRIKA, WAZAZI WAHIMIZWA KUSHIRIKI KIKAMILIFU KATIKA MALEZI	public_meeting, parents_or_education, exhibition_or_public_event	https://sihadc.go.tz/api/news?page=1&limit=50
Arusha Regional Secretariat	arusha.go.tz	news	5098	2026-06-11	WANAUSHIRIKA ARUSHA WAKUTANA KUTATHMINI MWENENDO WA SEKTA HIYO MUHIMU NCHINI	exhibition_or_public_event	https://arusha.go.tz/api/news?page=4&limit=50
Arusha Regional Secretariat	arusha.go.tz	news	5090	2026-06-11	MHE. MAKAMBA AFUNGUA KONGAMANO LA MWAKA LA NISHATI SAFI MKOANI ARUSHA	parents_or_education, election_period	https://arusha.go.tz/api/news?page=4&limit=50
Hai District Council	haidc.go.tz	news	5118	2026-06-11	Serikali yatatua mgogoro wa ardhi uliodumu kwa miaka 23,wananchi washukuru	public_meeting, parents_or_education	https://haidc.go.tz/api/news?page=1&limit=50
Arusha Regional Secretariat	arusha.go.tz	news	5093	2026-06-10	SERIKALI YAIMARISHA USIMAMIZI WA VYAMA VYA USHIRIKA MKOANI ARUSHA	exhibition_or_public_event	https://arusha.go.tz/api/news?page=4&limit=50
Kilimanjaro Regional Secretariat	kilimanjaro.go.tz	news	5033	2026-06-10	RAS. NZOWA AWANOA MAAFISA TARAFA KILIMANJARO KUIMARISHA UTOAJI WA HUDUMA.	officials_training	https://kilimanjaro.go.tz/api/news?page=1&limit=50
Arusha Regional Secretariat	arusha.go.tz	news	4818	2026-06-06	KIHONGOSI: TULINDENI MIUNDOMBINU YA AFYA, FEDHA ZIWAHUDUMIE WANANCHI ZAIDI	election_period	https://arusha.go.tz/api/news?page=4&limit=50
Arusha Regional Secretariat	arusha.go.tz	news	4809	2026-06-06	RC MAKALLA AZINDUA KONGAMANO LA ELIMU MKOA WA ARUSHA	public_meeting, parents_or_education	https://arusha.go.tz/api/news?page=4&limit=50
Arusha Regional Secretariat	arusha.go.tz	news	4825	2026-06-05	MAELFU WAMIMINIKA MAONESHO YA KARIBU- KILI FAIR MKOANI ARUSHA	exhibition_or_public_event	https://arusha.go.tz/api/news?page=4&limit=50
Arusha Regional Secretariat	arusha.go.tz	news	4822	2026-06-04	WAHADZABE WATUA KWA MKUU WA MKOA WA ARUSHA, KUNOGESHA MAONESHO YA KILIFAIR	exhibition_or_public_event	https://arusha.go.tz/api/news?page=4&limit=50
Arusha Regional Secretariat	arusha.go.tz	news	4821	2026-06-04	MAONESHO YA KARIBU- KILI FAIR YAZINDULIWA, SERIKALI IKIELEZA MIKAKATI KUKUZA SEKTA YA UTALII	exhibition_or_public_event	https://arusha.go.tz/api/news?page=4&limit=50
Siha District Council	sihadc.go.tz	news	5110	2026-06-04	SIHA DC YAADHIMISHA SIKU YA MAZINGIRA KWA KUFANYA USAFI NA KUOTESHA MITI ZAIDI YA 100 SHULE YA SEKONDARI MITIREFU	parents_or_education, exhibition_or_public_event	https://sihadc.go.tz/api/news?page=1&limit=50
Meru District Council	merudc.go.tz	news	5922	2026-06-02	MERU DC WAPEWA TUZO KATIKA KONGAMANO LA ELIMU MKOA WA ARUSHA	parents_or_education, officials_training	https://merudc.go.tz/api/news?page=1&limit=50
Siha District Council	sihadc.go.tz	news	5105	2026-06-02	TUWAPATIE WATOTO CHAKULA BORA SHULENI NA NYUMBANI - DKT TIMBUKA.	parents_or_education, exhibition_or_public_event	https://sihadc.go.tz/api/news?page=1&limit=50
Arusha Regional Secretariat	arusha.go.tz	news	4812	2026-06-01	HALMASHAURI ZA MERU, ARUSHA NA JIJI LA ARUSHA ZANG'ARA TUZO ZA ELIMU 2026🇹🇿	parents_or_education, officials_training	https://arusha.go.tz/api/news?page=4&limit=50
Arusha Regional Secretariat	arusha.go.tz	news	4502	2026-05-30	TAKUKURU YAREJESHA VIWANJA VYA BILIONI 3 BAADA YA KUBAINI NYARAKA ZA UONGO	public_meeting, parents_or_education, exhibition_or_public_event	https://arusha.go.tz/api/news?page=5&limit=50
Arusha Regional Secretariat	arusha.go.tz	news	4471	2026-05-29	WAZIRI MASAUNI AHIMIZA UTUNZAJI MAZINGIRA NA UWEKEZAJI KWENYE KUREJELEZA TAKA🇹🇿	exhibition_or_public_event	https://arusha.go.tz/api/news?page=5&limit=50
Arusha Regional Secretariat	arusha.go.tz	news	4503	2026-05-28	MJENGA ATOA ELIMU YA AINA ZA UONGOZI, AKITAKA KILA MMOJA KUJITATHIMINI🇹🇿	parents_or_education, officials_training	https://arusha.go.tz/api/news?page=4&limit=50
Arusha Regional Secretariat	arusha.go.tz	news	4477	2026-05-28	RAS NGUVILA ASISITIZA UMUHIMU WA MAFUNZO KWA VIONGOZI NA WATENDAJI WA ARUSHA	officials_training	https://arusha.go.tz/api/news?page=5&limit=50
Arusha Regional Secretariat	arusha.go.tz	news	4473	2026-05-23	MAANDALIZI YA MAONESHO YA NANENANE KANDA YA KASKAZINI YAANZA RASMI ARUSHA🇹🇿	exhibition_or_public_event	https://arusha.go.tz/api/news?page=5&limit=50
Arusha Regional Secretariat	arusha.go.tz	news	4472	2026-05-22	RAS ARUSHA ASISITIZA UTUNZAJI WA MAZINGIRA NA MATUMIZI YA NISHATI SAFI YA KUPIKIA🇹🇿	exhibition_or_public_event	https://arusha.go.tz/api/news?page=5&limit=50
Arusha Regional Secretariat	arusha.go.tz	news	4235	2026-05-22	WAZIRI MHANDISI MASAUNI AWASILI WILAYA YA ARUSHA; KUSHIRIKI SHUGHULI ZA UTUNZAJI WA MAZINGIRA🇹🇿	parents_or_education, exhibition_or_public_event	https://arusha.go.tz/api/news?page=5&limit=50
Meru District Council	merudc.go.tz	news	4216	2026-05-21	MERU DC YAFANYA KIKAO CHA TATHIMINI YA LISHE WILAYA	ward_meeting, parents_or_education, officials_training	https://merudc.go.tz/api/news?page=1&limit=50
Hai District Council	haidc.go.tz	news	4140	2026-05-20	Serikali kufanya tathmini ya wanaotoa elimu ya afya bila vibali	public_meeting, parents_or_education	https://haidc.go.tz/api/news?page=1&limit=50
Simanjiro District Council	simanjirodc.go.tz	news	4173	2026-05-20	MKUTANO WA BARAZA LA MADIWANI	public_meeting, exhibition_or_public_event	https://simanjirodc.go.tz/api/news?page=1&limit=50
Arusha Regional Secretariat	arusha.go.tz	news	4057	2026-05-19	MAAFISA MAENDELEO YA JAMII NA USTAWI WAKUTANA, UIMARISHAJI WA VIKUNDI VYA MALEZI🇹🇿	parents_or_education, exhibition_or_public_event	https://arusha.go.tz/api/news?page=5&limit=50
Siha District Council	sihadc.go.tz	news	4052	2026-05-19	Ziara Mbunge wa Viti Maalum Mkoa wa Kilimanjaro kundi la wazazi kupitia Chama Cha Mapinduzi (CCM)	parents_or_education, exhibition_or_public_event	https://sihadc.go.tz/api/news?page=1&limit=50
Hai District Council	haidc.go.tz	news	3954	2026-05-15	Hai yafanya vizuri katika ukusanyaji wa mapato	public_meeting, parents_or_education	https://haidc.go.tz/api/news?page=1&limit=50
Arusha Regional Secretariat	arusha.go.tz	news	3843	2026-05-14	MAONESHO YA KARIBU - KILIFAIR KUANZA JUNI 2026 ARUSHA; NCHI 40 KUSHIRIKI 🇹🇿	exhibition_or_public_event	https://arusha.go.tz/api/news?page=5&limit=50
Hai District Council	haidc.go.tz	news	3796	2026-05-13	Madiwani waridhishwa na utekelezaji wa miradi	public_meeting, parents_or_education	https://haidc.go.tz/api/news?page=2&limit=50
Arusha Regional Secretariat	arusha.go.tz	news	3713	2026-05-12	RAS ARUSHA AZUNGUMZA NA MANAIBU MAWAZIRI WA OR -UTUMISHI NA OWM- TAMISEMI	exhibition_or_public_event	https://arusha.go.tz/api/news?page=5&limit=50
Meru District Council	merudc.go.tz	news	3756	2026-05-12	MHE. LUCAS KAAYA AONGOZA BARAZA LA MADIWANI MERU DC	public_meeting, parents_or_education, exhibition_or_public_event	https://merudc.go.tz/api/news?page=1&limit=50
Arusha Regional Secretariat	arusha.go.tz	news	3637	2026-05-11	RAS ARUSHA AWAKABDIHI VYETI WAFANYAKAZI HODARI OFISI YA MKUU WA MKOA ARUSHA	exhibition_or_public_event	https://arusha.go.tz/api/news?page=5&limit=50
Monduli District Council	mondulidc.go.tz	news	3564	2026-05-11	Stendi Ya Makuyuni Kuanza Rasmi Mwaka Wa Fedha 2026/ 2027	public_meeting	https://mondulidc.go.tz/api/news?page=1&limit=50
Monduli District Council	mondulidc.go.tz	news	3563	2026-05-11	Geuzeni Changamoto Kuwa Fursa Ili Wananchi Wafurahi	public_meeting, parents_or_education	https://mondulidc.go.tz/api/news?page=1&limit=50
Monduli District Council	mondulidc.go.tz	news	3561	2026-05-11	Monduli Yahitimisha Wiki Ya Chanjo Kwa Kutoa Chanjo Na Elimu Ya Afya.	parents_or_education, exhibition_or_public_event	https://mondulidc.go.tz/api/news?page=1&limit=50
Siha District Council	sihadc.go.tz	announcements	492	2026-05-11	TANGAZO YA MAADHIMISHO YA WIKI YA RASILIMALI WATU	exhibition_or_public_event	https://sihadc.go.tz/api/announcements?page=1&limit=50
Meru District Council	merudc.go.tz	announcements	486	2026-05-07	MKUTANO KAWAIDA WA BARAZA LA HALMASHAURI	public_meeting	https://merudc.go.tz/api/announcements?page=1&limit=50
Siha District Council	sihadc.go.tz	news	3532	2026-05-07	WATENDAJI KATA, VIJIJI WAPATIWA MAFUNZO YA MFUMO WA GAMIS	officials_training	https://sihadc.go.tz/api/news?page=1&limit=50
Meru District Council	merudc.go.tz	news	3439	2026-05-06	DC MWINYI AZINDUA JENGO LA ZIMAMOTO WILAYA YA ARUMERU	parents_or_education, exhibition_or_public_event	https://merudc.go.tz/api/news?page=1&limit=50
Meru District Council	merudc.go.tz	news	3437	2026-05-06	MERU DC YASHIRIKI MAADHIMISHO YA SIKU YA WAFANYAKAZI DUNIANI	exhibition_or_public_event	https://merudc.go.tz/api/news?page=1&limit=50
Meru District Council	merudc.go.tz	news	3435	2026-05-06	MERU DC YAFANYA UNION BONANZA	exhibition_or_public_event	https://merudc.go.tz/api/news?page=1&limit=50
Siha District Council	sihadc.go.tz	news	3677	2026-05-06	BARAZA LA MADIWANI SIHA DC LAMPONGEZA MKURUGENZI KWA UKUSANYAJI WA MAPATO YA NDANI	public_meeting	https://sihadc.go.tz/api/news?page=1&limit=50
Meru District Council	merudc.go.tz	news	3441	2026-05-05	MERU DC YAENDELEA KUWASHIKA MKONO WAATHIRIKA WA MAFURIKO	exhibition_or_public_event	https://merudc.go.tz/api/news?page=1&limit=50
Arusha Regional Secretariat	arusha.go.tz	news	3224	2026-05-03	SALAMU ZA RC MAKALLA KWA WANAFUNZI WA KIDATO CHA SITA 2026🇹🇿	public_meeting	https://arusha.go.tz/api/news?page=6&limit=50
Arusha Regional Secretariat	arusha.go.tz	news	3223	2026-05-03	SALAMU ZA RAS ARUSHA KWA WANAFUNZI WA KIDATO CHA SITA 2026	public_meeting	https://arusha.go.tz/api/news?page=6&limit=50
Siha District Council	sihadc.go.tz	news	3257	2026-05-03	WATUMISHI HODARI WAKIPOKEA VYETI NA ZAWADI KWA MKUU WA MKOA KILIMANJARO	parents_or_education, exhibition_or_public_event	https://sihadc.go.tz/api/news?page=1&limit=50
Arusha Regional Secretariat	arusha.go.tz	news	3219	2026-05-02	WANAFUNZI 5,361 KUFANYA MTIHANI WA KIDATO CHA SITA MKOA WA ARUSHA🇹🇿	public_meeting, parents_or_education	https://arusha.go.tz/api/news?page=6&limit=50
Arusha Regional Secretariat	arusha.go.tz	news	3194	2026-05-01	RC MAKALLA AKABIDHI ZAWADI KWA WAFANYAKAZI HODARI SEKRETARIETI YA MKOA WA ARUSHA 🇹🇿	exhibition_or_public_event	https://arusha.go.tz/api/news?page=6&limit=50
Arusha Regional Secretariat	arusha.go.tz	news	3173	2026-05-01	RC MAKALLA MGENI RASMI MEI MOSI MKOA WA ARUSHA🇹🇿	exhibition_or_public_event	https://arusha.go.tz/api/news?page=6&limit=50
Kilimanjaro Regional Secretariat	kilimanjaro.go.tz	news	3190	2026-05-01	TAASISI BINAFSI KILIMANJARO ZASISITIZWA KULINDA MASLAHI YA WAFANYAKAZI.	public_meeting, exhibition_or_public_event	https://kilimanjaro.go.tz/api/news?page=1&limit=50
Arusha Regional Secretariat	arusha.go.tz	news	3185	2026-04-30	RC MAKALLA AWATAKA WAAJIRI KUWASILISHA KWA WAKATI MICHANGO YA WAFANYAKAZI KWENYE MIFUKO YA HIFADHI YA JAMII	exhibition_or_public_event	https://arusha.go.tz/api/news?page=6&limit=50
Arusha Regional Secretariat	arusha.go.tz	news	3174	2026-04-30	RAS ARUSHA ATOA SALAMU KWA WAFANYAKAZI WA MKOA WA ARUSHA 🇹🇿	exhibition_or_public_event	https://arusha.go.tz/api/news?page=6&limit=50
Siha District Council	sihadc.go.tz	news	3249	2026-04-30	MITI 3,500 YA MATUNDA IMEPANDWA HOSPITALI YA WILAYA YA SIHA	election_period	https://sihadc.go.tz/api/news?page=1&limit=50
Arusha Regional Secretariat	arusha.go.tz	news	3133	2026-04-29	RC MAKALLA ATAKA MAAFISA ARDHI KUTATUA MIGOGORO YA ARDHI*🇹🇿	public_meeting	https://arusha.go.tz/api/news?page=6&limit=50
Siha District Council	sihadc.go.tz	news	3246	2026-04-29	JESHI LA ZIMAMOTO SIHA LATOA ELIMU KWA WANANCHI KUKABILIANA NA MAJANGA.	parents_or_education, exhibition_or_public_event	https://sihadc.go.tz/api/news?page=1&limit=50
Siha District Council	sihadc.go.tz	announcements	475	2026-04-29	TANGAZO LA MKUTANO WA BARAZA LA WAHESHIMIWA MADIWANI KIPINDI CHA ROBO YA TATU YA MWAKA WA FEDHA 2025/2026	public_meeting	https://sihadc.go.tz/api/announcements?page=1&limit=50
Siha District Council	sihadc.go.tz	announcements	469	2026-04-28	TANGAZO ,MAADHIMISHO YA WIKI YA RASILIMALI WATU	exhibition_or_public_event	https://sihadc.go.tz/api/announcements?page=1&limit=50
Meru District Council	merudc.go.tz	news	2950	2026-04-25	CMT YAFANYA ZIARA YA UKAGUZI WA MIRADI KWA ROBO YA TATU YA MWAKA WA FEDHA 2025/2026	parents_or_education, exhibition_or_public_event	https://merudc.go.tz/api/news?page=1&limit=50
Arusha Regional Secretariat	arusha.go.tz	news	2920	2026-04-24	RAS NGUVILA AMUAGIZA DED MONDULI KULIPA MADAI YA UHAMISHO YA WATENDAJI WA KATA NA VIJIJI 🇹🇿	officials_training	https://arusha.go.tz/api/news?page=6&limit=50
Arusha Regional Secretariat	arusha.go.tz	news	2919	2026-04-23	RAS ARUSHA AAGIZA KUKAMILIKA UKARABATI WA JENGO LA OFISI YA DC MONDULI	officials_training	https://arusha.go.tz/api/news?page=6&limit=50
Arusha Regional Secretariat	arusha.go.tz	news	2849	2026-04-23	MTWALE: VIONGOZI ALAT SHIRIKIANENI ILI KUTIMIZA MALENGO WALIYOJIWEKEA	election_period	https://arusha.go.tz/api/news?page=6&limit=50
Arusha Regional Secretariat	arusha.go.tz	news	2775	2026-04-22	WAZIRI MKUU AWASILI ARUSHA🇹🇿	election_period	https://arusha.go.tz/api/news?page=6&limit=50
Arusha Regional Secretariat	arusha.go.tz	news	2788	2026-04-21	WAJUMBE WA ALAT WATAKIWA KUEPUKE MIGOGORO NA MIZOZO	election_period	https://arusha.go.tz/api/news?page=6&limit=50
Arusha Regional Secretariat	arusha.go.tz	news	2572	2026-04-18	WANAWAKE INJINI YA UCHUMI WA TAIFA LA TANZANIA 🇹🇿	exhibition_or_public_event	https://arusha.go.tz/api/news?page=6&limit=50
Arusha Regional Secretariat	arusha.go.tz	news	2538	2026-04-17	🌍 UGENI: WAZIRI MKUU AWASILI ARUSHA 🇹🇿	exhibition_or_public_event	https://arusha.go.tz/api/news?page=6&limit=50
Simanjiro District Council	simanjirodc.go.tz	news	2204	2026-04-08	KARUME DAY,2026	public_meeting	https://simanjirodc.go.tz/api/news?page=1&limit=50
Arusha Regional Secretariat	arusha.go.tz	news	2176	2026-04-07	KUMBUKIZI YA MIAKA 54 YA KIFO CHA HAYATI SHEIKH ABEID AMANI KARUME🇹🇿	public_meeting, exhibition_or_public_event	https://arusha.go.tz/api/news?page=6&limit=50
Arusha Regional Secretariat	arusha.go.tz	news	2175	2026-04-06	SALAMU ZA MHE.RAIS MIAKA 54 YA KUMBUKIZI YA KIFO CHA HAYATI SHEIKH ABEID AMANI KARUME	public_meeting, exhibition_or_public_event	https://arusha.go.tz/api/news?page=6&limit=50
Arusha Regional Secretariat	arusha.go.tz	news	2174	2026-04-06	SALAMU ZA MHE.RAIS MIAKA 54 YA KUMBUKIZI YA KIFO CHA HAYATI SHEIKH ABEID AMANI KARUME	public_meeting, exhibition_or_public_event	https://arusha.go.tz/api/news?page=6&limit=50
Monduli District Council	mondulidc.go.tz	news	2198	2026-04-03	Reginald Johnson Mbwambo Mwenyekiti CBWSO 2026/2028 Monduli.	election_period	https://mondulidc.go.tz/api/news?page=1&limit=50
Arusha Regional Secretariat	arusha.go.tz	news	2146	2026-04-02	RAIS DKT. MWINYI AZINDUA MBIO ZA MWENGE WA UHURU 2026, ASISITIZA AMANI, UZALENDO NA UWAJIBIKAJI🇹🇿	public_meeting, exhibition_or_public_event	https://arusha.go.tz/api/news?page=7&limit=50
Arusha Regional Secretariat	arusha.go.tz	news	2143	2026-04-02	RAS ARUSHA AHIMIZA KASI YA UKUSANYAJI WA MAPATO KARATU DC🇹🇿	parents_or_education, officials_training	https://arusha.go.tz/api/news?page=7&limit=50
Hai District Council	haidc.go.tz	announcements	435	2026-03-30	Maadhimisho ya siku ya misitu kuhadhimishwa wilaya ya Hai	exhibition_or_public_event	https://haidc.go.tz/api/announcements?page=1&limit=50
Meru District Council	merudc.go.tz	news	2114	2026-03-30	DC MWINYI AZINDUA ZOEZI LA UPANDAJI MITI KATIKA SHULE YA SEKONDARI KIKWE	parents_or_education, election_period	https://merudc.go.tz/api/news?page=1&limit=50
Monduli District Council	mondulidc.go.tz	news	1882	2026-03-25	Monduli yaadhimisha Siku ya Misitu Duniani kwa kupanda Miche 2,000.	parents_or_education, exhibition_or_public_event	https://mondulidc.go.tz/api/news?page=1&limit=50
Hai District Council	haidc.go.tz	news	1724	2026-03-19	Bodi za maji wilayani Hai zaagizwa kutunza vyanzo maji	parents_or_education, exhibition_or_public_event	https://haidc.go.tz/api/news?page=2&limit=50
Hai District Council	haidc.go.tz	news	1609	2026-03-18	Jamii yatakiwa kujikinga na magonjwa ya kinywa na meno	parents_or_education, exhibition_or_public_event	https://haidc.go.tz/api/news?page=2&limit=50
Hai District Council	haidc.go.tz	news	1603	2026-03-17	Wanafunzi washauriwa kutunza Mazingira	parents_or_education, exhibition_or_public_event, election_period	https://haidc.go.tz/api/news?page=2&limit=50
Monduli District Council	mondulidc.go.tz	news	1854	2026-03-17	Shule ya Msingi Engaruka Juu Yapokea Magodoro, Wanafunzi Kurudi Shule Machi 18, 2026.	parents_or_education, exhibition_or_public_event	https://mondulidc.go.tz/api/news?page=1&limit=50
Arusha Regional Secretariat	arusha.go.tz	news	1417	2026-03-16	KAMATI YA KUDUMU YA BUNGE TAMISEMI YATUA ARUSHA	parents_or_education, exhibition_or_public_event	https://arusha.go.tz/api/news?page=7&limit=50
Arusha Regional Secretariat	arusha.go.tz	news	1415	2026-03-16	RAS ARUSHA APIGA MARUFUKU WENYEVITI WA MITAA NA VIJIJI KUKAA NA MIHURI	parents_or_education, officials_training	https://arusha.go.tz/api/news?page=7&limit=50
Manyara Regional Secretariat	manyara.go.tz	news	1373	2026-03-16	RC SENDIGA AWATAKA WANAWAKE MKOANI MANYARA KUWALINDA WATOTO WA KIKE DHIDI YA VITENDO VYA KIKATILI.	parents_or_education, exhibition_or_public_event	https://manyara.go.tz/api/news?page=1&limit=50
Simanjiro District Council	simanjirodc.go.tz	news	1463	2026-03-16	OFISI YA DC SIMANJIRO WAFANYA UTALII WA NDANI TARANGIRE	officials_training	https://simanjirodc.go.tz/api/news?page=1&limit=50
Simanjiro District Council	simanjirodc.go.tz	news	1459	2026-03-16	DC FAKII AKAGUA VIFAA TIBA HOSPITALI YA WILAYA SIMANJIRO	officials_training	https://simanjirodc.go.tz/api/news?page=1&limit=50
Simanjiro District Council	simanjirodc.go.tz	news	1455	2026-03-16	Mkuu wa Usalama Barabarani wilaya ya Simanjiro, ASP Raphael Karani, aakiwafundisha wanafunzi wa shule ya Msingi Terrat sheria muhimu za usalama barabarani	parents_or_education, election_period	https://simanjirodc.go.tz/api/news?page=1&limit=50
Simanjiro District Council	simanjirodc.go.tz	news	1358	2026-03-16	Kikao cha Kujadili Dira ya Maendeleo ya Taifa	public_meeting, parents_or_education	https://simanjirodc.go.tz/api/news?page=1&limit=50
Manyara Regional Secretariat	manyara.go.tz	news	1383	2026-03-15	KUELEKEA SIKU YA WANAWAKE DUNIANI, RC SENDIGA ASISITIZA HAKI ZA WANAWAKE NA WASICHANA ZIZINGATIWE.	parents_or_education, exhibition_or_public_event	https://manyara.go.tz/api/news?page=1&limit=50
Manyara Regional Secretariat	manyara.go.tz	news	1380	2026-03-15	KUELEKEA SIKU YA WANAWAKE DUNIANI, RC SENDIGA AKABIDHI VITU VYA MILIONI 3.2 KWA GEREZA LA WANAWAKE BABATI.	exhibition_or_public_event	https://manyara.go.tz/api/news?page=1&limit=50
Simanjiro District Council	simanjirodc.go.tz	news	1395	2026-03-15	Moja ya kikundi cha akinamam wa jamii ya kimaasai wanaojihusisha na kupanda na kuvuna majani na mbegu za majani wilayani Simanjiro	public_meeting	https://simanjirodc.go.tz/api/news?page=1&limit=50
Simanjiro District Council	simanjirodc.go.tz	announcements	338	2026-03-15	Tangazo la Usafi	exhibition_or_public_event	https://simanjirodc.go.tz/api/announcements?page=1&limit=50
Arusha District Council	arushadc.go.tz	news	1372	2026-03-14	WATUMISHI WA UMMA WATAKIWA KUFANYA KAZI KWA WELEDI	exhibition_or_public_event, officials_training	https://arushadc.go.tz/api/news?page=1&limit=50
Arusha City Council	arushacc.go.tz	news	1103	2026-03-10	KATIBU TAWALA AKUTANA NA WATUMISHI	parents_or_education, officials_training	https://arushacc.go.tz/api/news?page=1&limit=50
Hai District Council	haidc.go.tz	news	1083	2026-03-10	Maadhimisho ya Siku ya Wanawake Duniani Mkoa wa Kilimanjaro yafanyika Wilaya ya Hai	parents_or_education, exhibition_or_public_event	https://haidc.go.tz/api/news?page=2&limit=50
Hai District Council	haidc.go.tz	news	980	2026-03-10	Mkuu wa Mkoa wa Kilimanjaro Mhe.Nurdin Babu ahimiza usawa	parents_or_education, exhibition_or_public_event	https://haidc.go.tz/api/news?page=2&limit=50
Meru District Council	merudc.go.tz	news	1102	2026-03-10	BARAZA LA MADIWANI LA HALMASHAURI YA WILAYA YA MERU LAPITISHA RASIMU YA MPANGO WA BAJETI SH. 75.6 BILIONI	public_meeting, parents_or_education	https://merudc.go.tz/api/news?page=1&limit=50
Arusha Regional Secretariat	arusha.go.tz	news	903	2026-03-09	RC MAKALLA AHIMIZA USHIRIKIANO, UTEKELEZAJI WA MAONO YA RAIS SAMIA MKOANI ARUSHA	public_meeting	https://arusha.go.tz/api/news?page=7&limit=50
Arusha City Council	arushacc.go.tz	news	946	2026-03-09	KIKAO CHA BARAZA LA WAZI LA MADIWANI KWA ROBO YA PILI YA MWAKA WA FEDHA 2025/2026	public_meeting, ward_meeting	https://arushacc.go.tz/api/news?page=1&limit=50
Arusha City Council	arushacc.go.tz	news	918	2026-03-09	BARAZA LA MADIWANI HALMASHAURI YA JIJI LA ARUSHA LAPITISHA BAJETI YA BILIONI 150 KWA MWAKA WA FEDHA 2026/2027	public_meeting	https://arushacc.go.tz/api/news?page=1&limit=50
Kilimanjaro Regional Secretariat	kilimanjaro.go.tz	news	830	2026-03-08	Maadhimisho ya Siku ya Wanawake Duniani yafanyika Wilaya ya Hai	parents_or_education, exhibition_or_public_event	https://kilimanjaro.go.tz/api/news?page=1&limit=50
Monduli District Council	mondulidc.go.tz	news	898	2026-03-07	AGIZO LA KUSIKILIZA KERO NA MIGOGORO YA ARDHI MONDULI, LATEKELEZWA.	public_meeting	https://mondulidc.go.tz/api/news?page=1&limit=50
Arusha Regional Secretariat	arusha.go.tz	news	909	2026-03-06	WAZIRI MKUU AWEKA JIWE LA MSINGI SKIMU YA UMWAGILIAJI BONDE LA EYASI WILAYA YA KARATU	public_meeting	https://arusha.go.tz/api/news?page=7&limit=50
Arusha Regional Secretariat	arusha.go.tz	announcements	248	2026-03-06	WAZIRI MKUU DKT. MWIGULU KUFANYA ZIARA KARATU NA MONDULI	public_meeting	https://arusha.go.tz/api/announcements?page=1&limit=50
Hai District Council	haidc.go.tz	news	797	2026-03-06	Mkuu wa Wilaya ya Hai Hassan Bomboko Kuendelea Kusikilza Kero za wanchi Tarafa kwa Tarafa	parents_or_education, exhibition_or_public_event	https://haidc.go.tz/api/news?page=2&limit=50
Monduli District Council	mondulidc.go.tz	news	906	2026-03-06	HAKUNA FIDIA ENEO LA MAFUNZO NA MALISHO-MONDULI	public_meeting	https://mondulidc.go.tz/api/news?page=1&limit=50
Arusha Regional Secretariat	arusha.go.tz	news	916	2026-03-05	RAIS SAMIA NI MWANAMKE HODARI NA MCHAPAKAZI- RC MAKALLA	exhibition_or_public_event	https://arusha.go.tz/api/news?page=7&limit=50
Arusha Regional Secretariat	arusha.go.tz	news	915	2026-03-05	DKT. TOBA NGUVILA ATOA PONGEZI KWA WANAWAKE WA MKOA WA ARUSHA	exhibition_or_public_event	https://arusha.go.tz/api/news?page=7&limit=50
Arusha Regional Secretariat	arusha.go.tz	announcements	250	2026-03-04	MAADHIMISHO YA SIKU YA WANAWAKE DUNIANI MKOA WA ARUSHA 05 MACHI,2026	exhibition_or_public_event	https://arusha.go.tz/api/announcements?page=1&limit=50
Hai District Council	haidc.go.tz	news	709	2026-03-04	Mratibu wa maadhimisho ya siku ya wanawake Hai awakaribisha wananchi kushiriki kikamilifu	parents_or_education, exhibition_or_public_event	https://haidc.go.tz/api/news?page=2&limit=50
Siha District Council	sihadc.go.tz	news	747	2026-03-04	Mkuu wa WIilaya ya Siha Mhe Dkt Christopher Timbuka akizungumza na wafanyabiashara katika kituo cha Kia	parents_or_education, officials_training	https://sihadc.go.tz/api/news?page=2&limit=50
Meru District Council	merudc.go.tz	news	957	2026-02-27	MKUU WA MKOA WA ARUSHA ATOA MAELEKEZO KWA VIONGOZI NGAZI YA WILAYA NA HALMASHAURI	exhibition_or_public_event, officials_training	https://merudc.go.tz/api/news?page=1&limit=50
Moshi District Council	moshidc.go.tz	news	1181	2026-02-25	BARAZA LA MADIWANI MOSHI DC LAPITISHA BAJETI NA MPANGO WA MAENDELEO 2026/2027	public_meeting, parents_or_education	https://moshidc.go.tz/api/news?page=2&limit=50
Meru District Council	merudc.go.tz	announcements	295	2026-02-21	ZIARA YA KIKAZI YA WAZIRI MKUU MHE. MWIGULU LAMECK NCHEMBA(MB) KATIKA WILAYA YA ARUMERU	public_meeting	https://merudc.go.tz/api/announcements?page=1&limit=50
Meru District Council	merudc.go.tz	announcements	254	2026-02-20	MKUTANO MAALUM WA BARAZA LA HALMASHAURI	public_meeting	https://merudc.go.tz/api/announcements?page=1&limit=50
Moshi District Council	moshidc.go.tz	news	715	2026-02-19	RC BABU AFUNGUA MAFUNZO YA MADIWANI MOSHI DC, WAASWA KUZINGATIA KANUNI, SHERIA NA TARATIBU.	public_meeting	https://moshidc.go.tz/api/news?page=2&limit=50
Arusha City Council	arushacc.go.tz	news	1004	2026-02-13	MKUU WA WILAYA YA ARUSHA MHE. MODEST MKUDE AKABIDHI VIFAA SAIDIZI KWA WALIMU WENYE MAHITAJI MAALUMU	officials_training	https://arushacc.go.tz/api/news?page=1&limit=50
Meru District Council	merudc.go.tz	announcements	291	2026-02-12	MKUTANO WA BARAZA LA MADIWANI	public_meeting, exhibition_or_public_event	https://merudc.go.tz/api/announcements?page=1&limit=50
Meru District Council	merudc.go.tz	news	965	2025-12-05	DC MWINYI AMEKABIDHI PIKIPIKI 15 KWA VIKUNDI VITATU VYA VIJANA KUTOKA MERU DC	public_meeting	https://merudc.go.tz/api/news?page=1&limit=50
