record_key	name	office_level	council_name	region	admin_unit_name	parent_admin_unit	proposed_government_track	track_reason	ward_score	ward_tier	campus	distance_km	transport_band	lat	lon	geocode_precision	location_source	osm_id	master_organisation_id	verification_status	missing_information
GOFF_region_arusha	Sekretarieti ya Mkoa wa Arusha (Arusha Regional Secretariat)	region		Arusha	Arusha	Tanzania Mainland	GA00 Hold	Regional offices are not a v1 target (plan §1); keep for protocol and B2G coordination.			Kijenge	2.3	0-5 km	-3.3696827	36.6951675	address	openstreetmap office	way/65262766		verified	
GOFF_region_kilimanjaro	Sekretarieti ya Mkoa wa Kilimanjaro (Kilimanjaro Regional Secretariat)	region		Kilimanjaro	Kilimanjaro	Tanzania Mainland	GA00 Hold	Regional offices are not a v1 target (plan §1); keep for protocol and B2G coordination.			Boma Ngombe	22.2	21-25 km	-3.350089	37.33733	address	official website map			verified	
GOFF_region_manyara	Sekretarieti ya Mkoa wa Manyara (Manyara Regional Secretariat)	region		Manyara	Manyara	Tanzania Mainland	GA00 Hold	Regional offices are not a v1 target (plan §1); keep for protocol and B2G coordination.			Arusha City	141.8	>25 km (outside catchment)	-4.213911	35.718164	address	official website map			verified	Not found: published phone; published email.
GOFF_district_arumeru	Ofisi ya Mkuu wa Wilaya ya Arumeru (Arumeru District Commissioner's Office)	district		Arusha	Arumeru	Arusha	GA00 Hold	District public meetings are not a v1 target (plan §1). Holder and office route are not published online.												needs_review	Office address, phone and the current District Commissioner (not on the regional site; its district pages are empty).
GOFF_district_arusha	Ofisi ya Mkuu wa Wilaya ya Arusha (Arusha District Commissioner's Office)	district		Arusha	Arusha	Arusha	GA00 Hold	District public meetings are not a v1 target (plan §1). Holder and office route are not published online.			Kijenge	2.4	0-5 km	-3.3694553	36.6938881	address	openstreetmap office	way/281486939	Oe7bb73cd7c38	needs_review	Office address, phone and the current District Commissioner (not on the regional site; its district pages are empty).
GOFF_district_monduli	Ofisi ya Mkuu wa Wilaya ya Monduli (Monduli District Commissioner's Office)	district		Arusha	Monduli	Arusha	GA00 Hold	District public meetings are not a v1 target (plan §1). Holder and office route are not published online.												needs_review	Office address, phone and the current District Commissioner (not on the regional site; its district pages are empty).
GOFF_district_hai	Ofisi ya Mkuu wa Wilaya ya Hai (Hai District Commissioner's Office)	district		Kilimanjaro	Hai	Kilimanjaro	GA00 Hold	District public meetings are not a v1 target (plan §1). Holder and office route are not published online.												needs_review	Office address, phone and the current District Commissioner (not on the regional site; its district pages are empty).
GOFF_district_moshi	Ofisi ya Mkuu wa Wilaya ya Moshi (Moshi District Commissioner's Office)	district		Kilimanjaro	Moshi	Kilimanjaro	GA00 Hold	District public meetings are not a v1 target (plan §1). Holder and office route are not published online.												needs_review	Office address, phone and the current District Commissioner (not on the regional site; its district pages are empty).
GOFF_district_siha	Ofisi ya Mkuu wa Wilaya ya Siha (Siha District Commissioner's Office)	district		Kilimanjaro	Siha	Kilimanjaro	GA00 Hold	District public meetings are not a v1 target (plan §1). Holder and office route are not published online.												needs_review	Office address, phone and the current District Commissioner (not on the regional site; its district pages are empty).
GOFF_district_simanjiro	Ofisi ya Mkuu wa Wilaya ya Simanjiro (Simanjiro District Commissioner's Office)	district		Manyara	Simanjiro	Manyara	GA00 Hold	District public meetings are not a v1 target (plan §1). Holder and office route are not published online.												needs_review	Office address, phone and the current District Commissioner (not on the regional site; its district pages are empty).
GOFF_council_arusha-city-council	Halmashauri ya Jiji la Arusha (Arusha City Council)	council	Arusha City Council	Arusha	Arusha City Council	Arusha	GA01 Protocol introduction	Core council (plan §5.1) with its office published on its official website. Send the Kiswahili letter by hand, call after 5 working days, then visit.			Ilboru	2.2	0-5 km	-3.366122	36.696705	address	official website map			verified	
GOFF_council_arusha-district-council	Halmashauri ya Wilaya ya Arusha (Arusha District Council)	council	Arusha District Council	Arusha	Arusha District Council	Arumeru	GA01 Protocol introduction	Core council (plan §5.1) with its office published on its official website. Send the Kiswahili letter by hand, call after 5 working days, then visit.			Kijenge	2.4	0-5 km	-3.362353	36.709356	address	official website map			verified	
GOFF_council_meru-district-council	Halmashauri ya Wilaya ya Meru (Meru District Council)	council	Meru District Council	Arusha	Meru District Council	Arumeru	GA01 Protocol introduction	Core council (plan §5.1) with its office published on its official website. Send the Kiswahili letter by hand, call after 5 working days, then visit.			Usa River	4.0	0-5 km	-3.358175	36.827767	address	official website map			verified	
GOFF_council_hai-district-council	Halmashauri ya Wilaya ya Hai (Hai District Council)	council	Hai District Council	Kilimanjaro	Hai District Council	Hai	GA01 Protocol introduction	Core council (plan §5.1) with its office published on its official website. Send the Kiswahili letter by hand, call after 5 working days, then visit.			Boma Ngombe	0.5	0-5 km	-3.332878	37.143025	address	official website map			verified	
GOFF_council_siha-district-council	Halmashauri ya Wilaya ya Siha (Siha District Council)	council	Siha District Council	Kilimanjaro	Siha District Council	Siha	GA00 Hold	Outside the v1 pilot councils (plan §5.10); 9 of its wards fall within 25 km of a campus.			Boma Ngombe	11.9	11-15 km	-3.233093	37.101936	address	official website map			verified	
GOFF_council_moshi-district-council	Halmashauri ya Wilaya ya Moshi (Moshi District Council)	council	Moshi District Council	Kilimanjaro	Moshi District Council	Moshi	GA00 Hold	Outside the v1 pilot councils (plan §5.10); 4 of its wards fall within 25 km of a campus.												verified	
GOFF_council_moshi-municipal-council	Halmashauri ya Manispaa ya Moshi (Moshi Municipal Council)	council	Moshi Municipal Council	Kilimanjaro	Moshi Municipal Council	Moshi	GA00 Hold	Outside the v1 pilot councils (plan §5.10); 17 of its wards fall within 25 km of a campus.			Boma Ngombe	22.4	21-25 km	-3.349516	37.33937	address	official website map			verified	
GOFF_council_monduli-district-council	Halmashauri ya Wilaya ya Monduli (Monduli District Council)	council	Monduli District Council	Arusha	Monduli District Council	Monduli	GA00 Hold	Outside the v1 pilot councils (plan §5.10); 5 of its wards fall within 25 km of a campus.			Arusha City	24.8	21-25 km	-3.298002	36.445067	address	official website map			verified	
GOFF_council_simanjiro-district-council	Halmashauri ya Wilaya ya Simanjiro (Simanjiro District Council)	council	Simanjiro District Council	Manyara	Simanjiro District Council	Simanjiro	GA00 Hold	Outside the v1 pilot councils (plan §5.10); 1 of its wards fall within 25 km of a campus.			Boma Ngombe	125.1	>25 km (outside catchment)	-4.45806	37.195316	address	official website map			verified	
GOFF_ward_arusha-city-council_kati	Ofisi ya Kata ya Kati (Arusha City Council)	ward	Arusha City Council	Arusha	Kati	Arusha City Council	GA00 Hold	Reach through the council introduction (GA01) first. GA02 needs that introduction and a post verified within 90 days.	25.3	P3	Kijenge	2.6	0-5 km	-3.37388889	36.68833333	estimated	wikipedia			needs_review	Ward office location and phone, WEO name (ask the council after GA01); councillor not published online.
GOFF_ward_arusha-city-council_kaloleni	Ofisi ya Kata ya Kaloleni (Arusha City Council)	ward	Arusha City Council	Arusha	Kaloleni	Arusha City Council	GA00 Hold	Reach through the council introduction (GA01) first. GA02 needs that introduction and a post verified within 90 days.	29.0	P3	Ilboru	1.8	0-5 km	-3.36222222	36.6875	estimated	wikipedia			needs_review	Ward office location and phone, WEO name (ask the council after GA01); councillor not published online.
GOFF_ward_arusha-city-council_sekei	Ofisi ya Kata ya Sekei (Arusha City Council)	ward	Arusha City Council	Arusha	Sekei	Arusha City Council	GA00 Hold	Reach through the council introduction (GA01) first. GA02 needs that introduction and a post verified within 90 days.	29.6	P3	Kijenge	2.3	0-5 km	-3.3698	36.6943	estimated	wikipedia			needs_review	Ward office location and phone, WEO name (ask the council after GA01); councillor not published online.
GOFF_ward_arusha-city-council_themi	Ofisi ya Kata ya Themi (Arusha City Council)	ward	Arusha City Council	Arusha	Themi	Arusha City Council	GA00 Hold	Reach through the council introduction (GA01) first. GA02 needs that introduction and a post verified within 90 days.	29.2	P3	Kijenge	1.8	0-5 km	-3.3992	36.7052	estimated	wikipedia			needs_review	Ward office location and phone, WEO name (ask the council after GA01); councillor not published online.
GOFF_ward_arusha-city-council_daraja-2	Ofisi ya Kata ya Daraja II (Arusha City Council)	ward	Arusha City Council	Arusha	Daraja II	Arusha City Council	GA00 Hold	Reach through the council introduction (GA01) first. GA02 needs that introduction and a post verified within 90 days.	45.9	P1	Kijenge	2.2	0-5 km	-3.38305556	36.69	estimated	wikipedia			needs_review	Ward office location and phone, WEO name (ask the council after GA01); councillor not published online.
GOFF_ward_arusha-city-council_unga-limited	Ofisi ya Kata ya Unga Ltd (Arusha City Council)	ward	Arusha City Council	Arusha	Unga Ltd	Arusha City Council	GA00 Hold	Reach through the council introduction (GA01) first. GA02 needs that introduction and a post verified within 90 days.	42.1	P1	Arusha City	3.4	0-5 km	-3.37867222	36.6777	estimated	wikipedia			needs_review	Ward office location and phone, WEO name (ask the council after GA01); councillor not published online.
GOFF_ward_arusha-city-council_ngarenaro	Ofisi ya Kata ya Ngarenaro (Arusha City Council)	ward	Arusha City Council	Arusha	Ngarenaro	Arusha City Council	GA00 Hold	Reach through the council introduction (GA01) first. GA02 needs that introduction and a post verified within 90 days.	31.2	P2	Arusha City	2.4	0-5 km	-3.3693	36.6756	estimated	wikipedia			needs_review	Ward office location and phone, WEO name (ask the council after GA01); councillor not published online.
GOFF_ward_arusha-city-council_levolosi	Ofisi ya Kata ya Levolosi (Arusha City Council)	ward	Arusha City Council	Arusha	Levolosi	Arusha City Council	GA00 Hold	Reach through the council introduction (GA01) first. GA02 needs that introduction and a post verified within 90 days.	27.7	P3	Ilboru	2.7	0-5 km	-3.3685	36.6827	estimated	wikipedia			needs_review	Ward office location and phone, WEO name (ask the council after GA01); councillor not published online.
GOFF_ward_arusha-city-council_kimandolu	Ofisi ya Kata ya Kimandolu (Arusha City Council)	ward	Arusha City Council	Arusha	Kimandolu	Arusha City Council	GA00 Hold	Reach through the council introduction (GA01) first. GA02 needs that introduction and a post verified within 90 days.	50.4	P1	Kijenge	1.9	0-5 km	-3.36777778	36.71611111	estimated	wikipedia			needs_review	Ward office location and phone, WEO name (ask the council after GA01); councillor not published online.
GOFF_ward_arusha-city-council_baraa	Ofisi ya Kata ya Baraa (Arusha City Council)	ward	Arusha City Council	Arusha	Baraa	Arusha City Council	GA00 Hold	Reach through the council introduction (GA01) first. GA02 needs that introduction and a post verified within 90 days.	44.7	P1	Kijenge	3.2	0-5 km	-3.3805	36.73822222	estimated	wikipedia			needs_review	Ward office location and phone, WEO name (ask the council after GA01); councillor not published online.
GOFF_ward_arusha-city-council_oloirien	Ofisi ya Kata ya Oloirien (Arusha City Council)	ward	Arusha City Council	Arusha	Oloirien	Arusha City Council	GA00 Hold	Reach through the council introduction (GA01) first. GA02 needs that introduction and a post verified within 90 days.	48.7	P1	Kijenge	0.8	0-5 km	-3.38888889	36.71472222	estimated	wikipedia			needs_review	Ward office location and phone, WEO name (ask the council after GA01); councillor not published online.
GOFF_ward_arusha-city-council_moshono	Ofisi ya Kata ya Moshono (Arusha City Council)	ward	Arusha City Council	Arusha	Moshono	Arusha City Council	GA00 Hold	Reach through the council introduction (GA01) first. GA02 needs that introduction and a post verified within 90 days.	47.3	P1	Kijenge	3.8	0-5 km	-3.3995	36.7407	estimated	wikipedia			needs_review	Ward office location and phone, WEO name (ask the council after GA01); councillor not published online.
GOFF_ward_arusha-city-council_moivaro	Ofisi ya Kata ya Moivaro (Arusha City Council)	ward	Arusha City Council	Arusha	Moivaro	Arusha City Council	GA00 Hold	Reach through the council introduction (GA01) first. GA02 needs that introduction and a post verified within 90 days.	33.7	P2	Kijenge	4.5	0-5 km	-3.3894637	36.7499399	estimated	osm_place			needs_review	Ward office location and phone, WEO name (ask the council after GA01); councillor not published online.
GOFF_ward_arusha-city-council_lemara	Ofisi ya Kata ya Lemara (Arusha City Council)	ward	Arusha City Council	Arusha	Lemara	Arusha City Council	GA00 Hold	Reach through the council introduction (GA01) first. GA02 needs that introduction and a post verified within 90 days.	49.6	P1	Kijenge	3.8	0-5 km	-3.41527778	36.69805556	estimated	wikipedia			needs_review	Ward office location and phone, WEO name (ask the council after GA01); councillor not published online.
GOFF_ward_arusha-city-council_terrat	Ofisi ya Kata ya Terrat (Arusha City Council)	ward	Arusha City Council	Arusha	Terrat	Arusha City Council	GA00 Hold	Reach through the council introduction (GA01) first. GA02 needs that introduction and a post verified within 90 days.	37.9	P2	Kijenge	12.2	11-15 km	-3.48944444	36.68027778	estimated	wikipedia			needs_review	Ward office location and phone, WEO name (ask the council after GA01); councillor not published online.
GOFF_ward_arusha-city-council_sokon-1	Ofisi ya Kata ya Sokon I (Arusha City Council)	ward	Arusha City Council	Arusha	Sokon I	Arusha City Council	GA00 Hold	Reach through the council introduction (GA01) first. GA02 needs that introduction and a post verified within 90 days.	52.5	P1	Kijenge	4.3	0-5 km	-3.40666667	36.67833333	estimated	wikipedia			needs_review	Ward office location and phone, WEO name (ask the council after GA01); councillor not published online.
GOFF_ward_arusha-city-council_sombetini	Ofisi ya Kata ya Sombetini (Arusha City Council)	ward	Arusha City Council	Arusha	Sombetini	Arusha City Council	GA00 Hold	Reach through the council introduction (GA01) first. GA02 needs that introduction and a post verified within 90 days.	52.6	P1	Arusha City	3.8	0-5 km	-3.38665	36.6674	estimated	wikipedia			needs_review	Ward office location and phone, WEO name (ask the council after GA01); councillor not published online.
GOFF_ward_arusha-city-council_engutoto	Ofisi ya Kata ya Engutoto (Arusha City Council)	ward	Arusha City Council	Arusha	Engutoto	Arusha City Council	GA00 Hold	Reach through the council introduction (GA01) first. GA02 needs that introduction and a post verified within 90 days.	32.5	P2	Kijenge	6.7	6-10 km	-3.44361111	36.70972222	estimated	wikipedia			needs_review	Ward office location and phone, WEO name (ask the council after GA01); councillor not published online.
GOFF_ward_arusha-city-council_elerai	Ofisi ya Kata ya Elerai (Arusha City Council)	ward	Arusha City Council	Arusha	Elerai	Arusha City Council	GA00 Hold	Reach through the council introduction (GA01) first. GA02 needs that introduction and a post verified within 90 days.	49.4	P1	Arusha City	1.7	0-5 km	-3.3683	36.6593	estimated	wikipedia			needs_review	Ward office location and phone, WEO name (ask the council after GA01); councillor not published online.
GOFF_ward_arusha-city-council_olasiti	Ofisi ya Kata ya Olasiti (Arusha City Council)	ward	Arusha City Council	Arusha	Olasiti	Arusha City Council	GA00 Hold	Reach through the council introduction (GA01) first. GA02 needs that introduction and a post verified within 90 days.	49.5	P1	Arusha City	6.5	6-10 km	-3.4085	36.6439	estimated	wikipedia			needs_review	Ward office location and phone, WEO name (ask the council after GA01); councillor not published online.
GOFF_ward_arusha-city-council_muriet	Ofisi ya Kata ya Muriet (Arusha City Council)	ward	Arusha City Council	Arusha	Muriet	Arusha City Council	GA00 Hold	Reach through the council introduction (GA01) first. GA02 needs that introduction and a post verified within 90 days.	52.2	P1	Kijenge	3.7	0-5 km	-3.41	36.73	estimated	gazetteer			needs_review	Ward office location and phone, WEO name (ask the council after GA01); councillor not published online.
GOFF_ward_arusha-city-council_olmoti	Ofisi ya Kata ya Olmoti (Arusha City Council)	ward	Arusha City Council	Arusha	Olmoti	Arusha City Council	GA00 Hold	Reach through the council introduction (GA01) first. GA02 needs that introduction and a post verified within 90 days.					unknown				none			needs_review	Ward office location and phone, WEO name (ask the council after GA01); councillor not published online.
GOFF_ward_arusha-city-council_sakina	Ofisi ya Kata ya Sakina (Arusha City Council)	ward	Arusha City Council	Arusha	Sakina	Arusha City Council	GA00 Hold	Reach through the council introduction (GA01) first. GA02 needs that introduction and a post verified within 90 days.	48.8	P1	Arusha City	0.0	0-5 km	-3.3527984	36.6612609	estimated	gazetteer			needs_review	Ward office location and phone, WEO name (ask the council after GA01); councillor not published online.
GOFF_ward_arusha-city-council_osunyai-jr	Ofisi ya Kata ya Osunyai Jr (Arusha City Council)	ward	Arusha City Council	Arusha	Osunyai Jr	Arusha City Council	GA00 Hold	Reach through the council introduction (GA01) first. GA02 needs that introduction and a post verified within 90 days.					unknown				none			needs_review	Ward office location and phone, WEO name (ask the council after GA01); councillor not published online.
GOFF_ward_arusha-city-council_sinoni	Ofisi ya Kata ya Sinoni (Arusha City Council)	ward	Arusha City Council	Arusha	Sinoni	Arusha City Council	GA00 Hold	Reach through the council introduction (GA01) first. GA02 needs that introduction and a post verified within 90 days.					unknown				none			needs_review	Ward office location and phone, WEO name (ask the council after GA01); councillor not published online.
GOFF_ward_arusha-district-council_lengijave	Ofisi ya Kata ya Lengijave (Arusha District Council)	ward	Arusha District Council	Arusha	Lengijave	Arusha District Council	GA00 Hold	Reach through the council introduction (GA01) first. GA02 needs that introduction and a post verified within 90 days.	33.8	P2	Arusha City	14.5	11-15 km	-3.2333249	36.6079251	estimated	osm_place			needs_review	Ward office location and phone, WEO name (ask the council after GA01).
GOFF_ward_arusha-district-council_olturumet	Ofisi ya Kata ya Olturumet (Arusha District Council)	ward	Arusha District Council	Arusha	Olturumet	Arusha District Council	GA00 Hold	Reach through the council introduction (GA01) first. GA02 needs that introduction and a post verified within 90 days.	36.6	P2	Arusha City	7.7	6-10 km	-3.30222222	36.61388889	estimated	wikipedia			needs_review	Ward office location and phone, WEO name (ask the council after GA01).
GOFF_ward_arusha-district-council_mwandet	Ofisi ya Kata ya Mwandet (Arusha District Council)	ward	Arusha District Council	Arusha	Mwandet	Arusha District Council	GA00 Hold	Reach through the council introduction (GA01) first. GA02 needs that introduction and a post verified within 90 days.	41.0	P1	Arusha City	14.4	11-15 km	-3.268271	36.562657	estimated	osm_places_listed_under_ward_name			needs_review	Ward office location and phone, WEO name (ask the council after GA01).
GOFF_ward_arusha-district-council_musa	Ofisi ya Kata ya Musa (Arusha District Council)	ward	Arusha District Council	Arusha	Musa	Arusha District Council	GA00 Hold	Reach through the council introduction (GA01) first. GA02 needs that introduction and a post verified within 90 days.	26.1	P3	Arusha City	16.5	16-20 km	-3.3307	36.5139	estimated	wikipedia			needs_review	Ward office location and phone, WEO name (ask the council after GA01).
GOFF_ward_arusha-district-council_kisongo	Ofisi ya Kata ya Kisongo (Arusha District Council)	ward	Arusha District Council	Arusha	Kisongo	Arusha District Council	GA00 Hold	Reach through the council introduction (GA01) first. GA02 needs that introduction and a post verified within 90 days.	28.9	P3	Arusha City	10.1	11-15 km	-3.3718982	36.5719498	estimated	osm_place			needs_review	Ward office location and phone, WEO name (ask the council after GA01).
GOFF_ward_arusha-district-council_mateves	Ofisi ya Kata ya Mateves (Arusha District Council)	ward	Arusha District Council	Arusha	Mateves	Arusha District Council	GA00 Hold	Reach through the council introduction (GA01) first. GA02 needs that introduction and a post verified within 90 days.	41.5	P1	Arusha City	10.2	11-15 km	-3.3738	36.5723	estimated	wikipedia			needs_review	Ward office location and phone, WEO name (ask the council after GA01).
GOFF_ward_arusha-district-council_oldonyowass	Ofisi ya Kata ya Oldonyowass (Arusha District Council)	ward	Arusha District Council	Arusha	Oldonyowass	Arusha District Council	GA00 Hold	Reach through the council introduction (GA01) first. GA02 needs that introduction and a post verified within 90 days.	18.1	P4	Ilboru	21.1	21-25 km	-3.156522	36.6991591	estimated	osm_place			needs_review	Ward office location and phone, WEO name (ask the council after GA01).
GOFF_ward_arusha-district-council_lemanyata	Ofisi ya Kata ya Lemanyata (Arusha District Council)	ward	Arusha District Council	Arusha	Lemanyata	Arusha District Council	GA00 Hold	Reach through the council introduction (GA01) first. GA02 needs that introduction and a post verified within 90 days.	33.5	P2	Arusha City	11.1	11-15 km	-3.2626649	36.6180325	estimated	osm_place			needs_review	Ward office location and phone, WEO name (ask the council after GA01).
GOFF_ward_arusha-district-council_laroi	Ofisi ya Kata ya Laroi (Arusha District Council)	ward	Arusha District Council	Arusha	Laroi	Arusha District Council	GA00 Hold	Reach through the council introduction (GA01) first. GA02 needs that introduction and a post verified within 90 days.	15.7	P4	Kijenge	15.0	11-15 km	-3.4909366	36.6283518	estimated	osm_place			needs_review	Ward office location and phone, WEO name (ask the council after GA01).
GOFF_ward_arusha-district-council_ilkidinga	Ofisi ya Kata ya Ilkiding'a (Arusha District Council)	ward	Arusha District Council	Arusha	Ilkiding'a	Arusha District Council	GA00 Hold	Reach through the council introduction (GA01) first. GA02 needs that introduction and a post verified within 90 days.	44.3	P1	Ilboru	3.3	0-5 km	-3.317172	36.6854726	estimated	osm_place			needs_review	Ward office location and phone, WEO name (ask the council after GA01).
GOFF_ward_arusha-district-council_olturoto	Ofisi ya Kata ya Olturoto (Arusha District Council)	ward	Arusha District Council	Arusha	Olturoto	Arusha District Council	GA00 Hold	Reach through the council introduction (GA01) first. GA02 needs that introduction and a post verified within 90 days.	45.8	P1	Ilboru	1.9	0-5 km	-3.342	36.7089	estimated	wikipedia			needs_review	Ward office location and phone, WEO name (ask the council after GA01).
GOFF_ward_arusha-district-council_moivo	Ofisi ya Kata ya Moivo (Arusha District Council)	ward	Arusha District Council	Arusha	Moivo	Arusha District Council	GA00 Hold	Reach through the council introduction (GA01) first. GA02 needs that introduction and a post verified within 90 days.					unknown				none			needs_review	Ward office location and phone, WEO name (ask the council after GA01).
GOFF_ward_arusha-district-council_kiranyi	Ofisi ya Kata ya Kiranyi (Arusha District Council)	ward	Arusha District Council	Arusha	Kiranyi	Arusha District Council	GA00 Hold	Reach through the council introduction (GA01) first. GA02 needs that introduction and a post verified within 90 days.	54.2	P1	Ilboru	1.5	0-5 km	-3.35555556	36.6825	estimated	wikipedia			needs_review	Ward office location and phone, WEO name (ask the council after GA01).
GOFF_ward_arusha-district-council_kimnyak	Ofisi ya Kata ya Kimnyak (Arusha District Council)	ward	Arusha District Council	Arusha	Kimnyak	Arusha District Council	GA00 Hold	Reach through the council introduction (GA01) first. GA02 needs that introduction and a post verified within 90 days.	40.4	P1	Arusha City	5.0	6-10 km	-3.30944444	36.64916667	estimated	wikipedia			needs_review	Ward office location and phone, WEO name (ask the council after GA01).
GOFF_ward_arusha-district-council_oljoro	Ofisi ya Kata ya Oljoro (Arusha District Council)	ward	Arusha District Council	Arusha	Oljoro	Arusha District Council	GA00 Hold	Reach through the council introduction (GA01) first. GA02 needs that introduction and a post verified within 90 days.	11.4	P4	Kijenge	21.6	21-25 km	-3.57111111	36.66	estimated	wikipedia			needs_review	Ward office location and phone, WEO name (ask the council after GA01).
GOFF_ward_arusha-district-council_sambasha	Ofisi ya Kata ya Sambasha (Arusha District Council)	ward	Arusha District Council	Arusha	Sambasha	Arusha District Council	GA00 Hold	Reach through the council introduction (GA01) first. GA02 needs that introduction and a post verified within 90 days.	34.7	P2	Ilboru	6.3	6-10 km	-3.29327778	36.67341667	estimated	wikipedia			needs_review	Ward office location and phone, WEO name (ask the council after GA01).
GOFF_ward_arusha-district-council_oloirien	Ofisi ya Kata ya Oloirien (Arusha District Council)	ward	Arusha District Council	Arusha	Oloirien	Arusha District Council	GA00 Hold	Reach through the council introduction (GA01) first. GA02 needs that introduction and a post verified within 90 days.					unknown				none			needs_review	Ward office location and phone, WEO name (ask the council after GA01).
GOFF_ward_arusha-district-council_olmotonyi	Ofisi ya Kata ya Olmotonyi (Arusha District Council)	ward	Arusha District Council	Arusha	Olmotonyi	Arusha District Council	GA00 Hold	Reach through the council introduction (GA01) first. GA02 needs that introduction and a post verified within 90 days.	40.8	P1	Arusha City	4.9	0-5 km	-3.3138	36.6399	estimated	wikipedia			needs_review	Ward office location and phone, WEO name (ask the council after GA01).
GOFF_ward_arusha-district-council_tarakwa	Ofisi ya Kata ya Tarakwa (Arusha District Council)	ward	Arusha District Council	Arusha	Tarakwa	Arusha District Council	GA00 Hold	Reach through the council introduction (GA01) first. GA02 needs that introduction and a post verified within 90 days.	36.5	P2	Arusha City	2.9	0-5 km	-3.3267011	36.6642004	estimated	osm_place			needs_review	Ward office location and phone, WEO name (ask the council after GA01).
GOFF_ward_arusha-district-council_ilboru	Ofisi ya Kata ya Ilboru (Arusha District Council)	ward	Arusha District Council	Arusha	Ilboru	Arusha District Council	GA00 Hold	Reach through the council introduction (GA01) first. GA02 needs that introduction and a post verified within 90 days.	32.0	P2	Ilboru	0.0	0-5 km	-3.346521	36.692204	estimated	gazetteer			needs_review	Ward office location and phone, WEO name (ask the council after GA01).
GOFF_ward_arusha-district-council_bangata	Ofisi ya Kata ya Bangata (Arusha District Council)	ward	Arusha District Council	Arusha	Bangata	Arusha District Council	GA00 Hold	Reach through the council introduction (GA01) first. GA02 needs that introduction and a post verified within 90 days.	26.9	P3	Ilboru	6.6	6-10 km	-3.33333333	36.75	estimated	wikipedia			needs_review	Ward office location and phone, WEO name (ask the council after GA01).
GOFF_ward_arusha-district-council_sokon-2	Ofisi ya Kata ya Sokon II (Arusha District Council)	ward	Arusha District Council	Arusha	Sokon II	Arusha District Council	GA00 Hold	Reach through the council introduction (GA01) first. GA02 needs that introduction and a post verified within 90 days.	47.4	P1	Ilboru	4.9	0-5 km	-3.33972222	36.73588889	estimated	wikipedia			needs_review	Ward office location and phone, WEO name (ask the council after GA01).
GOFF_ward_arusha-district-council_bwawani	Ofisi ya Kata ya Bwawani (Arusha District Council)	ward	Arusha District Council	Arusha	Bwawani	Arusha District Council	GA00 Hold	Reach through the council introduction (GA01) first. GA02 needs that introduction and a post verified within 90 days.	22.4	P3	Usa River	22.9	21-25 km	-3.5687545	36.8360544	estimated	osm_place			needs_review	Ward office location and phone, WEO name (ask the council after GA01).
GOFF_ward_arusha-district-council_nduruma	Ofisi ya Kata ya Nduruma (Arusha District Council)	ward	Arusha District Council	Arusha	Nduruma	Arusha District Council	GA00 Hold	Reach through the council introduction (GA01) first. GA02 needs that introduction and a post verified within 90 days.	30.4	P2	Kijenge	14.2	11-15 km	-3.4806143	36.7927055	address	openstreetmap office	node/10827624377	O01ad41ed15c0	needs_review	Ward office location and phone, WEO name (ask the council after GA01).
GOFF_ward_arusha-district-council_mlangarini	Ofisi ya Kata ya Mlangarini (Arusha District Council)	ward	Arusha District Council	Arusha	Mlangarini	Arusha District Council	GA00 Hold	Reach through the council introduction (GA01) first. GA02 needs that introduction and a post verified within 90 days.	41.6	P1	Kijenge	8.5	6-10 km	-3.43361111	36.76833333	estimated	wikipedia			needs_review	Ward office location and phone, WEO name (ask the council after GA01).
GOFF_ward_arusha-district-council_kiutu	Ofisi ya Kata ya Kiutu (Arusha District Council)	ward	Arusha District Council	Arusha	Kiutu	Arusha District Council	GA00 Hold	Reach through the council introduction (GA01) first. GA02 needs that introduction and a post verified within 90 days.					unknown				none			needs_review	Ward office location and phone, WEO name (ask the council after GA01).
GOFF_ward_hai-district-council_machame-uroki	Ofisi ya Kata ya Machame Uroki (Hai District Council)	ward	Hai District Council	Kilimanjaro	Machame Uroki	Hai District Council	GA00 Hold	Reach through the council introduction (GA01) first. GA02 needs that introduction and a post verified within 90 days.	15.8	P4	Boma Ngombe	13.7	11-15 km	-3.2307	37.2049	estimated	wikipedia			needs_review	Ward office location and phone, WEO name (ask the council after GA01).
GOFF_ward_hai-district-council_machame-kaskazini	Ofisi ya Kata ya Machame Kaskazini (Hai District Council)	ward	Hai District Council	Kilimanjaro	Machame Kaskazini	Hai District Council	GA00 Hold	Reach through the council introduction (GA01) first. GA02 needs that introduction and a post verified within 90 days.	31.8	P2	Boma Ngombe	18.3	16-20 km	-3.2	37.23305556	estimated	wikipedia			needs_review	Ward office location and phone, WEO name (ask the council after GA01).
GOFF_ward_hai-district-council_machame-mashariki	Ofisi ya Kata ya Machame Mashariki (Hai District Council)	ward	Hai District Council	Kilimanjaro	Machame Mashariki	Hai District Council	GA00 Hold	Reach through the council introduction (GA01) first. GA02 needs that introduction and a post verified within 90 days.	18.4	P4	Boma Ngombe	19.7	16-20 km	-3.2082	37.2636	estimated	wikipedia			needs_review	Ward office location and phone, WEO name (ask the council after GA01).
GOFF_ward_hai-district-council_machame-narumu	Ofisi ya Kata ya Machame Narumu (Hai District Council)	ward	Hai District Council	Kilimanjaro	Machame Narumu	Hai District Council	GA00 Hold	Reach through the council introduction (GA01) first. GA02 needs that introduction and a post verified within 90 days.	18.7	P4	Boma Ngombe	13.7	11-15 km	-3.267878	37.2425859	address	openstreetmap office	node/9392131139	O3669aa57f493	needs_review	Ward office location and phone, WEO name (ask the council after GA01).
GOFF_ward_hai-district-council_mnadani	Ofisi ya Kata ya Mnadani (Hai District Council)	ward	Hai District Council	Kilimanjaro	Mnadani	Hai District Council	GA00 Hold	Reach through the council introduction (GA01) first. GA02 needs that introduction and a post verified within 90 days.					unknown				none			needs_review	Ward office location and phone, WEO name (ask the council after GA01).
GOFF_ward_hai-district-council_weruweru	Ofisi ya Kata ya Weruweru (Hai District Council)	ward	Hai District Council	Kilimanjaro	Weruweru	Hai District Council	GA00 Hold	Reach through the council introduction (GA01) first. GA02 needs that introduction and a post verified within 90 days.	9.7	P4	Boma Ngombe	20.1	21-25 km	-3.4300875	37.2922588	estimated	osm_place			needs_review	Ward office location and phone, WEO name (ask the council after GA01).
GOFF_ward_hai-district-council_masama-magharibi	Ofisi ya Kata ya Masama Magharibi (Hai District Council)	ward	Hai District Council	Kilimanjaro	Masama Magharibi	Hai District Council	GA00 Hold	Reach through the council introduction (GA01) first. GA02 needs that introduction and a post verified within 90 days.	15.5	P4	Boma Ngombe	13.1	11-15 km	-3.2167	37.1421	estimated	wikipedia			needs_review	Ward office location and phone, WEO name (ask the council after GA01).
GOFF_ward_hai-district-council_masama-kati	Ofisi ya Kata ya Masama Kati (Hai District Council)	ward	Hai District Council	Kilimanjaro	Masama Kati	Hai District Council	GA00 Hold	Reach through the council introduction (GA01) first. GA02 needs that introduction and a post verified within 90 days.	17.7	P4	Boma Ngombe	13.8	11-15 km	-3.212951	37.164316	estimated	osm_places_listed_under_ward_name			needs_review	Ward office location and phone, WEO name (ask the council after GA01).
GOFF_ward_hai-district-council_masama-mashariki	Ofisi ya Kata ya Masama Mashariki (Hai District Council)	ward	Hai District Council	Kilimanjaro	Masama Mashariki	Hai District Council	GA00 Hold	Reach through the council introduction (GA01) first. GA02 needs that introduction and a post verified within 90 days.	22.8	P3	Boma Ngombe	12.3	11-15 km	-3.23305556	37.18305556	estimated	wikipedia			needs_review	Ward office location and phone, WEO name (ask the council after GA01).
GOFF_ward_hai-district-council_masama-rundugai	Ofisi ya Kata ya Masama Rundugai (Hai District Council)	ward	Hai District Council	Kilimanjaro	Masama Rundugai	Hai District Council	GA00 Hold	Reach through the council introduction (GA01) first. GA02 needs that introduction and a post verified within 90 days.	25.6	P3	Boma Ngombe	15.5	16-20 km	-3.4386	37.23111111	estimated	wikipedia			needs_review	Ward office location and phone, WEO name (ask the council after GA01).
GOFF_ward_hai-district-council_kia	Ofisi ya Kata ya KIA (Hai District Council)	ward	Hai District Council	Kilimanjaro	KIA	Hai District Council	GA00 Hold	Reach through the council introduction (GA01) first. GA02 needs that introduction and a post verified within 90 days.	22.0	P3	Boma Ngombe	13.8	11-15 km	-3.453155	37.101793	estimated	osm_places_listed_under_ward_name			needs_review	Ward office location and phone, WEO name (ask the council after GA01).
GOFF_ward_hai-district-council_muungano	Ofisi ya Kata ya Muungano (Hai District Council)	ward	Hai District Council	Kilimanjaro	Muungano	Hai District Council	GA00 Hold	Reach through the council introduction (GA01) first. GA02 needs that introduction and a post verified within 90 days.					unknown				none			needs_review	Ward office location and phone, WEO name (ask the council after GA01).
GOFF_ward_hai-district-council_bondeni	Ofisi ya Kata ya Bondeni (Hai District Council)	ward	Hai District Council	Kilimanjaro	Bondeni	Hai District Council	GA00 Hold	Reach through the council introduction (GA01) first. GA02 needs that introduction and a post verified within 90 days.					unknown				none			needs_review	Ward office location and phone, WEO name (ask the council after GA01).
GOFF_ward_hai-district-council_bomangombe	Ofisi ya Kata ya Bomang'ombe (Hai District Council)	ward	Hai District Council	Kilimanjaro	Bomang'ombe	Hai District Council	GA00 Hold	Reach through the council introduction (GA01) first. GA02 needs that introduction and a post verified within 90 days.	34.2	P2	Boma Ngombe	0.0	0-5 km	-3.3342091	37.1382785	estimated	osm_place			needs_review	Ward office location and phone, WEO name (ask the council after GA01).
GOFF_ward_hai-district-council_masama-kusini	Ofisi ya Kata ya Masama Kusini (Hai District Council)	ward	Hai District Council	Kilimanjaro	Masama Kusini	Hai District Council	GA00 Hold	Reach through the council introduction (GA01) first. GA02 needs that introduction and a post verified within 90 days.	32.8	P2	Boma Ngombe	6.5	6-10 km	-3.3137	37.1936	estimated	wikipedia			needs_review	Ward office location and phone, WEO name (ask the council after GA01).
GOFF_ward_hai-district-council_romu	Ofisi ya Kata ya Romu (Hai District Council)	ward	Hai District Council	Kilimanjaro	Romu	Hai District Council	GA00 Hold	Reach through the council introduction (GA01) first. GA02 needs that introduction and a post verified within 90 days.					unknown				none			needs_review	Ward office location and phone, WEO name (ask the council after GA01).
GOFF_ward_meru-district-council_ngarenanyuki	Ofisi ya Kata ya Ngarenanyuki (Meru District Council)	ward	Meru District Council	Arusha	Ngarenanyuki	Meru District Council	GA00 Hold	Reach through the council introduction (GA01) first. GA02 needs that introduction and a post verified within 90 days.	19.1	P4	Usa River	19.9	16-20 km	-3.18762	36.836161	estimated	osm_places_listed_under_ward_name			needs_review	Ward office location and phone, WEO name (ask the council after GA01); councillor not published online.
GOFF_ward_meru-district-council_leguruki	Ofisi ya Kata ya Leguruki (Meru District Council)	ward	Meru District Council	Arusha	Leguruki	Meru District Council	GA00 Hold	Reach through the council introduction (GA01) first. GA02 needs that introduction and a post verified within 90 days.	22.5	P3	Usa River	14.7	11-15 km	-3.254101	36.9354463	estimated	osm_place			needs_review	Ward office location and phone, WEO name (ask the council after GA01); councillor not published online.
GOFF_ward_meru-district-council_kingori	Ofisi ya Kata ya King'ori (Meru District Council)	ward	Meru District Council	Arusha	King'ori	Meru District Council	GA00 Hold	Reach through the council introduction (GA01) first. GA02 needs that introduction and a post verified within 90 days.	28.0	P3	Boma Ngombe	13.9	11-15 km	-3.3791975	37.0213818	estimated	osm_place			needs_review	Ward office location and phone, WEO name (ask the council after GA01); councillor not published online.
GOFF_ward_meru-district-council_maji-ya-chai	Ofisi ya Kata ya Maji ya Chai (Meru District Council)	ward	Meru District Council	Arusha	Maji ya Chai	Meru District Council	GA00 Hold	Reach through the council introduction (GA01) first. GA02 needs that introduction and a post verified within 90 days.	49.6	P1	Usa River	4.4	0-5 km	-3.3455	36.89794444	estimated	wikipedia			needs_review	Ward office location and phone, WEO name (ask the council after GA01); councillor not published online.
GOFF_ward_meru-district-council_kikatiti	Ofisi ya Kata ya Kikatiti (Meru District Council)	ward	Meru District Council	Arusha	Kikatiti	Meru District Council	GA00 Hold	Reach through the council introduction (GA01) first. GA02 needs that introduction and a post verified within 90 days.	45.7	P1	Usa River	9.5	6-10 km	-3.38918056	36.94512222	estimated	wikipedia			needs_review	Ward office location and phone, WEO name (ask the council after GA01); councillor not published online.
GOFF_ward_meru-district-council_uwiro	Ofisi ya Kata ya Uwiro (Meru District Council)	ward	Meru District Council	Arusha	Uwiro	Meru District Council	GA00 Hold	Reach through the council introduction (GA01) first. GA02 needs that introduction and a post verified within 90 days.					unknown				none			needs_review	Ward office location and phone, WEO name (ask the council after GA01); councillor not published online.
GOFF_ward_meru-district-council_maruvango	Ofisi ya Kata ya Maruvango (Meru District Council)	ward	Meru District Council	Arusha	Maruvango	Meru District Council	GA00 Hold	Reach through the council introduction (GA01) first. GA02 needs that introduction and a post verified within 90 days.	18.6	P4	Usa River	18.2	16-20 km	-3.2554507	36.9860005	estimated	osm_place			needs_review	Ward office location and phone, WEO name (ask the council after GA01); councillor not published online.
GOFF_ward_meru-district-council_malula	Ofisi ya Kata ya Malula (Meru District Council)	ward	Meru District Council	Arusha	Malula	Meru District Council	GA00 Hold	Reach through the council introduction (GA01) first. GA02 needs that introduction and a post verified within 90 days.	24.2	P3	Boma Ngombe	12.0	11-15 km	-3.3908749	37.0458552	estimated	osm_place			needs_review	Ward office location and phone, WEO name (ask the council after GA01); councillor not published online.
GOFF_ward_meru-district-council_imbaseni	Ofisi ya Kata ya Imbaseni (Meru District Council)	ward	Meru District Council	Arusha	Imbaseni	Meru District Council	GA00 Hold	Reach through the council introduction (GA01) first. GA02 needs that introduction and a post verified within 90 days.	53.1	P1	Usa River	2.9	0-5 km	-3.3713475	36.8885441	estimated	osm_place			needs_review	Ward office location and phone, WEO name (ask the council after GA01); councillor not published online.
GOFF_ward_meru-district-council_usariver	Ofisi ya Kata ya Usariver (Meru District Council)	ward	Meru District Council	Arusha	Usariver	Meru District Council	GA00 Hold	Reach through the council introduction (GA01) first. GA02 needs that introduction and a post verified within 90 days.	53.4	P1	Usa River	0.9	0-5 km	-3.3713	36.8583	estimated	wikipedia			needs_review	Ward office location and phone, WEO name (ask the council after GA01); councillor not published online.
GOFF_ward_meru-district-council_nkoaranga	Ofisi ya Kata ya Nkoaranga (Meru District Council)	ward	Meru District Council	Arusha	Nkoaranga	Meru District Council	GA00 Hold	Reach through the council introduction (GA01) first. GA02 needs that introduction and a post verified within 90 days.	34.6	P2	Usa River	3.4	0-5 km	-3.346253	36.83849	estimated	osm_places_listed_under_ward_name			needs_review	Ward office location and phone, WEO name (ask the council after GA01); councillor not published online.
GOFF_ward_meru-district-council_poli	Ofisi ya Kata ya Poli (Meru District Council)	ward	Meru District Council	Arusha	Poli	Meru District Council	GA00 Hold	Reach through the council introduction (GA01) first. GA02 needs that introduction and a post verified within 90 days.					unknown				none			needs_review	Ward office location and phone, WEO name (ask the council after GA01); councillor not published online.
GOFF_ward_meru-district-council_seela-singisi	Ofisi ya Kata ya Seela Sing'isi (Meru District Council)	ward	Meru District Council	Arusha	Seela Sing'isi	Meru District Council	GA00 Hold	Reach through the council introduction (GA01) first. GA02 needs that introduction and a post verified within 90 days.	32.6	P2	Usa River	6.4	6-10 km	-3.3732	36.8062	estimated	wikipedia			needs_review	Ward office location and phone, WEO name (ask the council after GA01); councillor not published online.
GOFF_ward_meru-district-council_akheri	Ofisi ya Kata ya Akheri (Meru District Council)	ward	Meru District Council	Arusha	Akheri	Meru District Council	GA00 Hold	Reach through the council introduction (GA01) first. GA02 needs that introduction and a post verified within 90 days.	41.4	P1	Kijenge	7.7	6-10 km	-3.363202	36.7762	estimated	osm_places_listed_under_ward_name			needs_review	Ward office location and phone, WEO name (ask the council after GA01); councillor not published online.
GOFF_ward_meru-district-council_nkoanrua	Ofisi ya Kata ya Nkoanrua (Meru District Council)	ward	Meru District Council	Arusha	Nkoanrua	Meru District Council	GA00 Hold	Reach through the council introduction (GA01) first. GA02 needs that introduction and a post verified within 90 days.	23.1	P3	Kijenge	7.3	6-10 km	-3.35	36.76666667	estimated	wikipedia			needs_review	Ward office location and phone, WEO name (ask the council after GA01); councillor not published online.
GOFF_ward_meru-district-council_songoro	Ofisi ya Kata ya Songoro (Meru District Council)	ward	Meru District Council	Arusha	Songoro	Meru District Council	GA00 Hold	Reach through the council introduction (GA01) first. GA02 needs that introduction and a post verified within 90 days.	30.7	P2	Usa River	5.8	6-10 km	-3.3256	36.8283	estimated	wikipedia			needs_review	Ward office location and phone, WEO name (ask the council after GA01); councillor not published online.
GOFF_ward_meru-district-council_nkoarisambu	Ofisi ya Kata ya Nkoarisambu (Meru District Council)	ward	Meru District Council	Arusha	Nkoarisambu	Meru District Council	GA00 Hold	Reach through the council introduction (GA01) first. GA02 needs that introduction and a post verified within 90 days.					unknown				none			needs_review	Ward office location and phone, WEO name (ask the council after GA01); councillor not published online.
GOFF_ward_meru-district-council_nkoanekoli	Ofisi ya Kata ya Nkoanekoli (Meru District Council)	ward	Meru District Council	Arusha	Nkoanekoli	Meru District Council	GA00 Hold	Reach through the council introduction (GA01) first. GA02 needs that introduction and a post verified within 90 days.	26.3	P3	Usa River	3.0	0-5 km	-3.3398742	36.8517695	estimated	osm_place			needs_review	Ward office location and phone, WEO name (ask the council after GA01); councillor not published online.
GOFF_ward_meru-district-council_ambureni	Ofisi ya Kata ya Ambureni (Meru District Council)	ward	Meru District Council	Arusha	Ambureni	Meru District Council	GA00 Hold	Reach through the council introduction (GA01) first. GA02 needs that introduction and a post verified within 90 days.					unknown				none			needs_review	Ward office location and phone, WEO name (ask the council after GA01); councillor not published online.
GOFF_ward_meru-district-council_maroroni	Ofisi ya Kata ya Maroroni (Meru District Council)	ward	Meru District Council	Arusha	Maroroni	Meru District Council	GA00 Hold	Reach through the council introduction (GA01) first. GA02 needs that introduction and a post verified within 90 days.	40.1	P1	Usa River	9.8	6-10 km	-3.4375087	36.9120128	estimated	osm_place			needs_review	Ward office location and phone, WEO name (ask the council after GA01); councillor not published online.
GOFF_ward_meru-district-council_makiba	Ofisi ya Kata ya Makiba (Meru District Council)	ward	Meru District Council	Arusha	Makiba	Meru District Council	GA00 Hold	Reach through the council introduction (GA01) first. GA02 needs that introduction and a post verified within 90 days.	19.9	P4	Usa River	18.7	16-20 km	-3.5130284	36.9423463	address	openstreetmap office	node/9392133492	O310f453a268f	needs_review	Ward office location and phone, WEO name (ask the council after GA01); councillor not published online.
GOFF_ward_meru-district-council_mbuguni	Ofisi ya Kata ya Mbuguni (Meru District Council)	ward	Meru District Council	Arusha	Mbuguni	Meru District Council	GA00 Hold	Reach through the council introduction (GA01) first. GA02 needs that introduction and a post verified within 90 days.	13.8	P4	Usa River	24.5	21-25 km	-3.56666667	36.95	estimated	wikipedia			needs_review	Ward office location and phone, WEO name (ask the council after GA01); councillor not published online.
GOFF_ward_meru-district-council_kikwe	Ofisi ya Kata ya Kikwe (Meru District Council)	ward	Meru District Council	Arusha	Kikwe	Meru District Council	GA00 Hold	Reach through the council introduction (GA01) first. GA02 needs that introduction and a post verified within 90 days.	26.0	P3	Usa River	13.3	11-15 km	-3.483384	36.877657	estimated	osm_places_listed_under_ward_name			needs_review	Ward office location and phone, WEO name (ask the council after GA01); councillor not published online.
GOFF_ward_meru-district-council_majengo	Ofisi ya Kata ya Majengo (Meru District Council)	ward	Meru District Council	Arusha	Majengo	Meru District Council	GA00 Hold	Reach through the council introduction (GA01) first. GA02 needs that introduction and a post verified within 90 days.					unknown				none			needs_review	Ward office location and phone, WEO name (ask the council after GA01); councillor not published online.
GOFF_ward_meru-district-council_shambarai-burka	Ofisi ya Kata ya Shambarai Burka (Meru District Council)	ward	Meru District Council	Arusha	Shambarai Burka	Meru District Council	GA00 Hold	Reach through the council introduction (GA01) first. GA02 needs that introduction and a post verified within 90 days.	7.9	P4	Usa River	22.8	21-25 km	-3.5666559	36.8992687	estimated	osm_place			needs_review	Ward office location and phone, WEO name (ask the council after GA01); councillor not published online.
GOFF_ward_monduli-district-council_monduli-juu	Ofisi ya Kata ya Monduli Juu (Monduli District Council)	ward	Monduli District Council	Arusha	Monduli Juu	Monduli District Council	GA00 Hold	Reach through the council introduction (GA01) first. GA02 needs that introduction and a post verified within 90 days.	24.0	P3	Arusha City	24.7	21-25 km	-3.2991222	36.445283	estimated	wikipedia			needs_review	Ward office location and phone, WEO name (ask the council after GA01); councillor not published online.
GOFF_ward_monduli-district-council_engutoto	Ofisi ya Kata ya Engutoto (Monduli District Council)	ward	Monduli District Council	Arusha	Engutoto	Monduli District Council	GA00 Hold	Reach through the council introduction (GA01) first. GA02 needs that introduction and a post verified within 90 days.	12.8	P4	Arusha City	24.0	21-25 km	-3.3128	36.4485	estimated	wikipedia			needs_review	Ward office location and phone, WEO name (ask the council after GA01); councillor not published online.
GOFF_ward_monduli-district-council_monduli-mjini	Ofisi ya Kata ya Monduli Mjini (Monduli District Council)	ward	Monduli District Council	Arusha	Monduli Mjini	Monduli District Council	GA00 Hold	Reach through the council introduction (GA01) first. GA02 needs that introduction and a post verified within 90 days.	9.3	P4	Arusha City	24.6	21-25 km	-3.3029	36.4454	estimated	wikipedia			needs_review	Ward office location and phone, WEO name (ask the council after GA01); councillor not published online.
GOFF_ward_monduli-district-council_moita	Ofisi ya Kata ya Moita (Monduli District Council)	ward	Monduli District Council	Arusha	Moita	Monduli District Council	GA00 Hold	Reach through the council introduction (GA01) first. GA02 needs that introduction and a post verified within 90 days.	28.2	P3	Arusha City	18.3	16-20 km	-3.4864407	36.5650896	estimated	wikipedia			needs_review	Ward office location and phone, WEO name (ask the council after GA01); councillor not published online.
GOFF_ward_monduli-district-council_meserani	Ofisi ya Kata ya Meserani (Monduli District Council)	ward	Monduli District Council	Arusha	Meserani	Monduli District Council	GA00 Hold	Reach through the council introduction (GA01) first. GA02 needs that introduction and a post verified within 90 days.	15.4	P4	Arusha City	20.5	21-25 km	-3.4098	36.4857	estimated	wikipedia			needs_review	Ward office location and phone, WEO name (ask the council after GA01); councillor not published online.
GOFF_ward_moshi-district-council_kindi	Ofisi ya Kata ya Kindi (Moshi District Council)	ward	Moshi District Council	Kilimanjaro	Kindi	Moshi District Council	GA00 Hold	Reach through the council introduction (GA01) first. GA02 needs that introduction and a post verified within 90 days.	33.9	P2	Boma Ngombe	16.6	16-20 km	-3.2830093	37.2783842	estimated	osm_place			needs_review	Ward office location and phone, WEO name (ask the council after GA01); councillor not published online.
GOFF_ward_moshi-district-council_kibosho-magharibi	Ofisi ya Kata ya Kibosho Magharibi (Moshi District Council)	ward	Moshi District Council	Kilimanjaro	Kibosho Magharibi	Moshi District Council	GA00 Hold	Reach through the council introduction (GA01) first. GA02 needs that introduction and a post verified within 90 days.	26.1	P3	Boma Ngombe	21.8	21-25 km	-3.2509211	37.316152	estimated	wikipedia			needs_review	Ward office location and phone, WEO name (ask the council after GA01); councillor not published online.
GOFF_ward_moshi-district-council_kibosho-mashariki	Ofisi ya Kata ya Kibosho Mashariki (Moshi District Council)	ward	Moshi District Council	Kilimanjaro	Kibosho Mashariki	Moshi District Council	GA00 Hold	Reach through the council introduction (GA01) first. GA02 needs that introduction and a post verified within 90 days.	19.4	P4	Boma Ngombe	22.5	21-25 km	-3.2489064	37.322037	estimated	wikipedia			needs_review	Ward office location and phone, WEO name (ask the council after GA01); councillor not published online.
GOFF_ward_moshi-district-council_uru-kusini	Ofisi ya Kata ya Uru Kusini (Moshi District Council)	ward	Moshi District Council	Kilimanjaro	Uru Kusini	Moshi District Council	GA00 Hold	Reach through the council introduction (GA01) first. GA02 needs that introduction and a post verified within 90 days.	31.2	P2	Boma Ngombe	21.4	21-25 km	-3.29809104	37.3276561	estimated	wikipedia			needs_review	Ward office location and phone, WEO name (ask the council after GA01); councillor not published online.
GOFF_ward_moshi-municipal-council_kilimanjaro	Ofisi ya Kata ya Kilimanjaro (Moshi Municipal Council)	ward	Moshi Municipal Council	Kilimanjaro	Kilimanjaro	Moshi Municipal Council	GA00 Hold	Reach through the council introduction (GA01) first. GA02 needs that introduction and a post verified within 90 days.	8.4	P4	Boma Ngombe	21.3	21-25 km	-3.34125	37.33	estimated	wikipedia			needs_review	Ward office location and phone, WEO name (ask the council after GA01); councillor not published online.
GOFF_ward_moshi-municipal-council_mfumuni	Ofisi ya Kata ya Mfumuni (Moshi Municipal Council)	ward	Moshi Municipal Council	Kilimanjaro	Mfumuni	Moshi Municipal Council	GA00 Hold	Reach through the council introduction (GA01) first. GA02 needs that introduction and a post verified within 90 days.	3.6	P4	Boma Ngombe	23.1	21-25 km	-3.3357	37.3462	estimated	wikipedia			needs_review	Ward office location and phone, WEO name (ask the council after GA01); councillor not published online.
GOFF_ward_moshi-municipal-council_kiusa	Ofisi ya Kata ya Kiusa (Moshi Municipal Council)	ward	Moshi Municipal Council	Kilimanjaro	Kiusa	Moshi Municipal Council	GA00 Hold	Reach through the council introduction (GA01) first. GA02 needs that introduction and a post verified within 90 days.	3.3	P4	Boma Ngombe	22.0	21-25 km	-3.3532	37.3358	estimated	wikipedia			needs_review	Ward office location and phone, WEO name (ask the council after GA01); councillor not published online.
GOFF_ward_moshi-municipal-council_korongoni	Ofisi ya Kata ya Korongoni (Moshi Municipal Council)	ward	Moshi Municipal Council	Kilimanjaro	Korongoni	Moshi Municipal Council	GA00 Hold	Reach through the council introduction (GA01) first. GA02 needs that introduction and a post verified within 90 days.	4.9	P4	Boma Ngombe	21.4	21-25 km	-3.37322222	37.32688889	estimated	wikipedia			needs_review	Ward office location and phone, WEO name (ask the council after GA01); councillor not published online.
GOFF_ward_moshi-municipal-council_soweto	Ofisi ya Kata ya Soweto (Moshi Municipal Council)	ward	Moshi Municipal Council	Kilimanjaro	Soweto	Moshi Municipal Council	GA00 Hold	Reach through the council introduction (GA01) first. GA02 needs that introduction and a post verified within 90 days.	22.1	P3	Boma Ngombe	20.2	21-25 km	-3.3593	37.3186	estimated	wikipedia			needs_review	Ward office location and phone, WEO name (ask the council after GA01); councillor not published online.
GOFF_ward_moshi-municipal-council_shirimatunda	Ofisi ya Kata ya Shirimatunda (Moshi Municipal Council)	ward	Moshi Municipal Council	Kilimanjaro	Shirimatunda	Moshi Municipal Council	GA00 Hold	Reach through the council introduction (GA01) first. GA02 needs that introduction and a post verified within 90 days.	9.8	P4	Boma Ngombe	19.1	16-20 km	-3.3613	37.3083	estimated	wikipedia			needs_review	Ward office location and phone, WEO name (ask the council after GA01); councillor not published online.
GOFF_ward_moshi-municipal-council_karanga	Ofisi ya Kata ya Karanga (Moshi Municipal Council)	ward	Moshi Municipal Council	Kilimanjaro	Karanga	Moshi Municipal Council	GA00 Hold	Reach through the council introduction (GA01) first. GA02 needs that introduction and a post verified within 90 days.	17.1	P4	Boma Ngombe	18.3	16-20 km	-3.3436995	37.3032857	estimated	osm_place			needs_review	Ward office location and phone, WEO name (ask the council after GA01); councillor not published online.
GOFF_ward_moshi-municipal-council_rau	Ofisi ya Kata ya Rau (Moshi Municipal Council)	ward	Moshi Municipal Council	Kilimanjaro	Rau	Moshi Municipal Council	GA00 Hold	Reach through the council introduction (GA01) first. GA02 needs that introduction and a post verified within 90 days.	14.8	P4	Boma Ngombe	23.2	21-25 km	-3.30905556	37.34544444	estimated	wikipedia			needs_review	Ward office location and phone, WEO name (ask the council after GA01); councillor not published online.
GOFF_ward_moshi-municipal-council_bomambuzi	Ofisi ya Kata ya Bomambuzi (Moshi Municipal Council)	ward	Moshi Municipal Council	Kilimanjaro	Bomambuzi	Moshi Municipal Council	GA00 Hold	Reach through the council introduction (GA01) first. GA02 needs that introduction and a post verified within 90 days.	27.7	P3	Boma Ngombe	22.8	21-25 km	-3.3722417	37.3405765	estimated	osm_place			needs_review	Ward office location and phone, WEO name (ask the council after GA01); councillor not published online.
GOFF_ward_moshi-municipal-council_majengo	Ofisi ya Kata ya Majengo (Moshi Municipal Council)	ward	Moshi Municipal Council	Kilimanjaro	Majengo	Moshi Municipal Council	GA00 Hold	Reach through the council introduction (GA01) first. GA02 needs that introduction and a post verified within 90 days.	6.3	P4	Boma Ngombe	22.3	21-25 km	-3.3401	37.3394	estimated	wikipedia			needs_review	Ward office location and phone, WEO name (ask the council after GA01); councillor not published online.
GOFF_ward_moshi-municipal-council_mawenzi	Ofisi ya Kata ya Mawenzi (Moshi Municipal Council)	ward	Moshi Municipal Council	Kilimanjaro	Mawenzi	Moshi Municipal Council	GA00 Hold	Reach through the council introduction (GA01) first. GA02 needs that introduction and a post verified within 90 days.	2.5	P4	Boma Ngombe	22.8	21-25 km	-3.3489229	37.3427344	estimated	osm_place			needs_review	Ward office location and phone, WEO name (ask the council after GA01); councillor not published online.
GOFF_ward_moshi-municipal-council_bondeni	Ofisi ya Kata ya Bondeni (Moshi Municipal Council)	ward	Moshi Municipal Council	Kilimanjaro	Bondeni	Moshi Municipal Council	GA00 Hold	Reach through the council introduction (GA01) first. GA02 needs that introduction and a post verified within 90 days.	3.0	P4	Boma Ngombe	22.5	21-25 km	-3.3568	37.3394	estimated	wikipedia			needs_review	Ward office location and phone, WEO name (ask the council after GA01); councillor not published online.
GOFF_ward_moshi-municipal-council_mji-mpya	Ofisi ya Kata ya Mji Mpya (Moshi Municipal Council)	ward	Moshi Municipal Council	Kilimanjaro	Mji Mpya	Moshi Municipal Council	GA00 Hold	Reach through the council introduction (GA01) first. GA02 needs that introduction and a post verified within 90 days.	23.7	P3	Boma Ngombe	24.8	21-25 km	-3.3499321	37.3614808	estimated	osm_place			needs_review	Ward office location and phone, WEO name (ask the council after GA01); councillor not published online.
GOFF_ward_moshi-municipal-council_miembeni	Ofisi ya Kata ya Miembeni (Moshi Municipal Council)	ward	Moshi Municipal Council	Kilimanjaro	Miembeni	Moshi Municipal Council	GA00 Hold	Reach through the council introduction (GA01) first. GA02 needs that introduction and a post verified within 90 days.	25.0	P3	Boma Ngombe	24.1	21-25 km	-3.35633333	37.35386111	estimated	wikipedia			needs_review	Ward office location and phone, WEO name (ask the council after GA01); councillor not published online.
GOFF_ward_moshi-municipal-council_njoro	Ofisi ya Kata ya Njoro (Moshi Municipal Council)	ward	Moshi Municipal Council	Kilimanjaro	Njoro	Moshi Municipal Council	GA00 Hold	Reach through the council introduction (GA01) first. GA02 needs that introduction and a post verified within 90 days.	22.3	P3	Boma Ngombe	23.6	21-25 km	-3.3557	37.3499	estimated	wikipedia			needs_review	Ward office location and phone, WEO name (ask the council after GA01); councillor not published online.
GOFF_ward_moshi-municipal-council_kaloleni	Ofisi ya Kata ya Kaloleni (Moshi Municipal Council)	ward	Moshi Municipal Council	Kilimanjaro	Kaloleni	Moshi Municipal Council	GA00 Hold	Reach through the council introduction (GA01) first. GA02 needs that introduction and a post verified within 90 days.	7.6	P4	Boma Ngombe	23.4	21-25 km	-3.3712	37.3458	estimated	wikipedia			needs_review	Ward office location and phone, WEO name (ask the council after GA01); councillor not published online.
GOFF_ward_moshi-municipal-council_pasua	Ofisi ya Kata ya Pasua (Moshi Municipal Council)	ward	Moshi Municipal Council	Kilimanjaro	Pasua	Moshi Municipal Council	GA00 Hold	Reach through the council introduction (GA01) first. GA02 needs that introduction and a post verified within 90 days.	25.5	P3	Boma Ngombe	22.6	21-25 km	-3.3753474	37.3378824	estimated	osm_place			needs_review	Ward office location and phone, WEO name (ask the council after GA01); councillor not published online.
GOFF_ward_siha-district-council_karansi	Ofisi ya Kata ya Karansi (Siha District Council)	ward	Siha District Council	Kilimanjaro	Karansi	Siha District Council	GA00 Hold	Reach through the council introduction (GA01) first. GA02 needs that introduction and a post verified within 90 days.	21.3	P3	Boma Ngombe	23.2	21-25 km	-3.1896	36.9879	estimated	wikipedia			needs_review	Ward office location and phone, WEO name (ask the council after GA01); councillor not published online.
GOFF_ward_siha-district-council_gararagua	Ofisi ya Kata ya Gararagua (Siha District Council)	ward	Siha District Council	Kilimanjaro	Gararagua	Siha District Council	GA00 Hold	Reach through the council introduction (GA01) first. GA02 needs that introduction and a post verified within 90 days.	15.4	P4	Boma Ngombe	24.2	21-25 km	-3.1628	37.0034	estimated	wikipedia			needs_review	Ward office location and phone, WEO name (ask the council after GA01); councillor not published online.
GOFF_ward_siha-district-council_sanya-juu	Ofisi ya Kata ya Sanya Juu (Siha District Council)	ward	Siha District Council	Kilimanjaro	Sanya Juu	Siha District Council	GA00 Hold	Reach through the council introduction (GA01) first. GA02 needs that introduction and a post verified within 90 days.	22.7	P3	Boma Ngombe	18.0	16-20 km	-3.1868	37.0709	estimated	wikipedia			needs_review	Ward office location and phone, WEO name (ask the council after GA01); councillor not published online.
GOFF_ward_siha-district-council_livishi	Ofisi ya Kata ya Livishi (Siha District Council)	ward	Siha District Council	Kilimanjaro	Livishi	Siha District Council	GA00 Hold	Reach through the council introduction (GA01) first. GA02 needs that introduction and a post verified within 90 days.	6.9	P4	Boma Ngombe	19.9	16-20 km	-3.1614	37.0911	estimated	wikipedia			needs_review	Ward office location and phone, WEO name (ask the council after GA01); councillor not published online.
GOFF_ward_siha-district-council_nasai	Ofisi ya Kata ya Nasai (Siha District Council)	ward	Siha District Council	Kilimanjaro	Nasai	Siha District Council	GA00 Hold	Reach through the council introduction (GA01) first. GA02 needs that introduction and a post verified within 90 days.	10.4	P4	Boma Ngombe	17.3	16-20 km	-3.1895	37.0799	estimated	wikipedia			needs_review	Ward office location and phone, WEO name (ask the council after GA01); councillor not published online.
GOFF_ward_siha-district-council_kashashi	Ofisi ya Kata ya Kashashi (Siha District Council)	ward	Siha District Council	Kilimanjaro	Kashashi	Siha District Council	GA00 Hold	Reach through the council introduction (GA01) first. GA02 needs that introduction and a post verified within 90 days.	9.6	P4	Boma Ngombe	14.0	11-15 km	-3.2096	37.1223	estimated	wikipedia			needs_review	Ward office location and phone, WEO name (ask the council after GA01); councillor not published online.
GOFF_ward_siha-district-council_ormelili	Ofisi ya Kata ya Ormelili (Siha District Council)	ward	Siha District Council	Kilimanjaro	Ormelili	Siha District Council	GA00 Hold	Reach through the council introduction (GA01) first. GA02 needs that introduction and a post verified within 90 days.	16.0	P4	Boma Ngombe	8.1	6-10 km	-3.3472003	37.0662979	estimated	osm_place			needs_review	Ward office location and phone, WEO name (ask the council after GA01); councillor not published online.
GOFF_ward_siha-district-council_olkolili	Ofisi ya Kata ya Olkolili (Siha District Council)	ward	Siha District Council	Kilimanjaro	Olkolili	Siha District Council	GA00 Hold	Reach through the council introduction (GA01) first. GA02 needs that introduction and a post verified within 90 days.	11.6	P4	Boma Ngombe	6.5	6-10 km	-3.3063	37.0868	estimated	wikipedia			needs_review	Ward office location and phone, WEO name (ask the council after GA01); councillor not published online.
GOFF_ward_siha-district-council_makiwaru	Ofisi ya Kata ya Makiwaru (Siha District Council)	ward	Siha District Council	Kilimanjaro	Makiwaru	Siha District Council	GA00 Hold	Reach through the council introduction (GA01) first. GA02 needs that introduction and a post verified within 90 days.	19.3	P4	Boma Ngombe	15.9	16-20 km	-3.2331	37.037	estimated	wikipedia			needs_review	Ward office location and phone, WEO name (ask the council after GA01); councillor not published online.
GOFF_ward_simanjiro-district-council_naisinyai	Ofisi ya Kata ya Naisinyai (Simanjiro District Council)	ward	Simanjiro District Council	Manyara	Naisinyai	Simanjiro District Council	GA00 Hold	Reach through the council introduction (GA01) first. GA02 needs that introduction and a post verified within 90 days.	27.0	P3	Boma Ngombe	23.8	21-25 km	-3.5179425	37.0277223	estimated	osm_place			needs_review	Ward office location and phone, WEO name (ask the council after GA01); councillor not published online.
GOFF_village_node-10828851090	Ofisi ya Kijiji cha Maji ya Chai (Meru District Council)	village	Meru District Council	Arusha	Maji ya Chai	Maji ya Chai	GA00 Hold	Reach through the council introduction (GA01) and the ward executive officer first.			Usa River	5.1	6-10 km	-3.3656059	36.9092982	address	openstreetmap office	node/10828851090	O955ceed32618	needs_review	Village executive officer and chairperson; village assembly calendar; confirm the ward.
GOFF_village_node-10862247616	Ofisi ya Kijiji cha Mwanama (Arusha City Council)	village	Arusha City Council	Arusha	Mwanama	Oloirien	GA00 Hold	Reach through the council introduction (GA01) and the ward executive officer first.			Kijenge	0.4	0-5 km	-3.3874239	36.7096171	address	openstreetmap office	node/10862247616	O1d5afbdb490e	needs_review	Village executive officer and chairperson; village assembly calendar; confirm the ward.
